ID,Label,Count
GUANYAR,GUANYAR,2300
ESL_CSGOb,ESL_CSGOb,73590
Distortion2,Distortion2,51683
valorant_kr,valorant_kr,17493
Simpson_Mania03,Simpson_Mania03,40985
Zoofilini,Zoofilini,19573
relaxing234,relaxing234,72938
BikeMan,BikeMan,17607
MarkitoNavaja,MarkitoNavaja,52018
Crystal_LoL,Crystal_LoL,29421
Fextralife,Fextralife,575272
LEGOO,LEGOO,59664
Mathil1,Mathil1,42905
elreyguiri_f1,elreyguiri_f1,7446
snow_hite,snow_hite,14757
biyin_,biyin_,162661
masondota2,masondota2,61015
StolenBR,StolenBR,21756
CaMaK,CaMaK,14140
Buerinho,Buerinho,23712
ses836,ses836,28224
blackelespanolito,blackelespanolito,43570
goncho,goncho,77285
RokKeks,RokKeks,7872
Limmy,Limmy,30153
BlackMediaPresents,BlackMediaPresents,1423
curvyelephant,curvyelephant,11790
bt0tv,bt0tv,97936
Rescue,Rescue,12400
takesipon,takesipon,30605
Kate,Kate,9903
Kyle,Kyle,73643
RockstarCR,RockstarCR,9885
Repaz,Repaz,24325
Choice,Choice,8553
just_ns,just_ns,32569
crokeyz,crokeyz,23052
JLBichouu,JLBichouu,50068
muangfang,muangfang,5212
AZRA,AZRA,21276
MehdocheLive,MehdocheLive,3060
rudbeckia7,rudbeckia7,17477
pijack11,pijack11,36531
Dekarldent,Dekarldent,17784
ThisIsNotGeorgeNotFound,ThisIsNotGeorgeNotFound,41333
edenitoo,edenitoo,10819
Saintone,Saintone,5583
Towelliee,Towelliee,107416
Raeyei,Raeyei,17848
Jerma985,Jerma985,59979
Meteos,Meteos,88
Corpse_Husband,Corpse_Husband,3841
brothers_baseball,brothers_baseball,27307
Weak3n,Weak3n,25394
SZ_Taisheen,SZ_Taisheen,25110
qSnake,qSnake,15660
Yogscast,Yogscast,20406
jmjdoc,jmjdoc,8778
nbcolympics,nbcolympics,26
Ming,Ming,7005
Hungrybox,Hungrybox,23171
Rogerbrown,Rogerbrown,6010
POW3Rtv,POW3Rtv,77861
jamezconer,jamezconer,9302
liok0485,liok0485,10083
falgwang,falgwang,5012
Mouzakrobat,Mouzakrobat,13067
oTakuVision,oTakuVision,27135
NeVeR_LosEs,NeVeR_LosEs,32841
Spammiej,Spammiej,9987
pizfn,pizfn,46293
LenonNS,LenonNS,4449
Mizkif,Mizkif,152293
Mixwell,Mixwell,54105
mount,mount,41607
viperdemon,viperdemon,21554
Amaz,Amaz,16692
TheRunningManZ,TheRunningManZ,28228
Tectone,Tectone,61564
wtcN,wtcN,151759
Criticas_QLS,Criticas_QLS,21716
Frankkaster,Frankkaster,5855
Doctor_Degen,Doctor_Degen,5253
detonator_robin,detonator_robin,12892
FarhadXRay,FarhadXRay,29822
LordBS,LordBS,1400
Mabzouel,Mabzouel,12578
aDrive,aDrive,15238
ookina,ookina,9599
PokerStars247,PokerStars247,17842
Arab,Arab,21167
TwitchRivals,TwitchRivals,31582
JASONR,JASONR,27505
tyongeee,tyongeee,9326
Natsumiii,Natsumiii,53903
DomenicoWaccoo,DomenicoWaccoo,15747
CzechCloud,CzechCloud,20966
liminhag0d,liminhag0d,61430
FPSThailand,FPSThailand,62949
DrIgo,DrIgo,22184
Datto,Datto,23763
tarzaned,tarzaned,32410
momo_sports,momo_sports,23437
crazyfacetw,crazyfacetw,14336
xQcOW,xQcOW,651512
BananaSlamJamma,BananaSlamJamma,29972
RatedEpicz,RatedEpicz,126249
magixx718,magixx718,2607
Criken,Criken,17134
DesenhosSub,DesenhosSub,0
chloee_fitgamer,chloee_fitgamer,2705
LunaOni,LunaOni,17866
DrGluon,DrGluon,4791
Kamikatze,Kamikatze,11114
Lifecoach1981,Lifecoach1981,11689
SpeedManq,SpeedManq,16360
QuarterJade,QuarterJade,52376
Mithrain,Mithrain,31584
ElMariana,ElMariana,256128
xhibaoger,xhibaoger,35512
antoineah2020,antoineah2020,3302
lol_cuvee,lol_cuvee,9053
Disnof,Disnof,7616
ESKc,ESKc,12023
OnlyMXC,OnlyMXC,6424
oyunfatiihi,oyunfatiihi,12740
wkgml,wkgml,31608
LotharHS,LotharHS,14488
krawkmc,krawkmc,40
Tylerootd,Tylerootd,15269
longwu1216,longwu1216,4440
PsheroTV,PsheroTV,19412
Denis3D,Denis3D,7945
TROPS4,TROPS4,2
SniperNamedG,SniperNamedG,4324
LEC,LEC,11453
jukes,jukes,66906
Maty,Maty,10255
Maximilian_DOOD,Maximilian_DOOD,80946
SmittyW,SmittyW,22470
CobaltStreak,CobaltStreak,17844
Rainbow6LATAM,Rainbow6LATAM,29664
wtf_winds123,wtf_winds123,31478
imaqtpie,imaqtpie,74687
Naowh,Naowh,41522
unsympathisch_tv,unsympathisch_tv,47611
MaTaFe_,MaTaFe_,10015
Tubbo,Tubbo,158700
elxokas,elxokas,357511
TFBlade,TFBlade,75638
zwebackhd,zwebackhd,16068
keznit1,keznit1,28618
dasMEHDI,dasMEHDI,449
BALEROSTYLE,BALEROSTYLE,6805
MywTheKing,MywTheKing,9308
Brizz94,Brizz94,20068
d_obby,d_obby,179
TSM_ImperialHal,TSM_ImperialHal,260417
sinatraa,sinatraa,163716
ZoK3R,ZoK3R,17814
Farmhouse78,Farmhouse78,3111
Hayashii,Hayashii,26391
Move_Mind,Move_Mind,24471
Keife_,Keife_,18680
NymN,NymN,27728
stero2d,stero2d,4198
DarioMocciaTwitch,DarioMocciaTwitch,43669
ds_lily,ds_lily,19847
WestCOL,WestCOL,21792
so_urf,so_urf,13961
9impulse,9impulse,14396
Jonthebroski,Jonthebroski,9542
otplol_,otplol_,188378
hanryang1125,hanryang1125,104997
nwslofficial,nwslofficial,3755
singsing,singsing,39888
fANDERCS,fANDERCS,14015
k3soju,k3soju,73703
Bustin,Bustin,14107
kyliebitkin,kyliebitkin,35783
Kestico,Kestico,24503
BrookeAB,BrookeAB,19142
h920103,h920103,11582
dafran,dafran,9492
Kongfue,Kongfue,5459
Welyn,Welyn,24108
Kiuqsxn,Kiuqsxn,10245
Faiar,Faiar,13853
SixenTv,SixenTv,35880
xo_trixy,xo_trixy,5589
Kyedae,Kyedae,240730
Cr1tdota,Cr1tdota,19511
AsunaWEEB,AsunaWEEB,63571
edopeh,edopeh,9699
JustaMinx,JustaMinx,28402
TitoDami,TitoDami,9647
qq102qq,qq102qq,14369
Enviosity,Enviosity,102452
FifaTargrean,FifaTargrean,13720
Heitir,Heitir,10112
fg_riserio,fg_riserio,396
Spyro_ZA,Spyro_ZA,6786
Kareykadasha,Kareykadasha,1489
8cho,8cho,81464
dreamwastaken,dreamwastaken,21091
bolinha3121,bolinha3121,1
Etalyx,Etalyx,5822
modestal,modestal,42046
iGeStarK,iGeStarK,18558
TEBtvDOTA,TEBtvDOTA,50
mortenroyale,mortenroyale,28976
Emongg,Emongg,27152
Matimi0,Matimi0,10640
iskall85,iskall85,15333
bigdumbgaming,bigdumbgaming,17
RuDex,RuDex,14947
Miniuwa,Miniuwa,7048
Etoiles,Etoiles,53546
EWROON,EWROON,54417
KiGuNiiN,KiGuNiiN,11160
jiudau,jiudau,5227
TheKller,TheKller,12820
AverageJonas,AverageJonas,67063
Zoil,Zoil,12106
Ellesmere_Gaming,Ellesmere_Gaming,5310
TinaKitten,TinaKitten,69472
pikra10,pikra10,21090
ConnorEatsPants,ConnorEatsPants,18323
mayapie1,mayapie1,5749
sidoka_ns,sidoka_ns,4594
FolagorLives,FolagorLives,35756
Crown,Crown,2874
HoliSofi,HoliSofi,10116
chessbrah,chessbrah,23752
SaltyTeemo,SaltyTeemo,6339
BruisedByGod,BruisedByGod,10384
Setty__,Setty__,1209
Sekapoko,Sekapoko,24689
xTheSolutionTV,xTheSolutionTV,44357
YoDa,YoDa,154750
AnnaCramling,AnnaCramling,16776
Josplay012,Josplay012,1
2chamcham2,2chamcham2,42002
Goes_x,Goes_x,10933
Yoshi93,Yoshi93,11079
BobRoss,BobRoss,56047
yapyap30,yapyap30,49801
TheAg5,TheAg5,5513
GronkhTV,GronkhTV,49067
GGwpLanaya,GGwpLanaya,5739
IzunaTOP,IzunaTOP,6493
veibae,veibae,76723
imviolet_,imviolet_,30293
tteuw,tteuw,19630
ShackyHD,ShackyHD,13662
MasterTay,MasterTay,8436
VaporaDark,VaporaDark,3322
UselessMouth,UselessMouth,15355
Posty,Posty,35269
Taspio,Taspio,72423
TheRealKnossi,TheRealKnossi,354218
TolkinLoL,TolkinLoL,50276
Rizzo,Rizzo,24216
nemo_good,nemo_good,6715
JrokezFTW,JrokezFTW,48038
rxnexus,rxnexus,15833
Jasper7se,Jasper7se,67736
Tinkerleo,Tinkerleo,15133
ludwig,ludwig,297541
Tyceno,Tyceno,89175
consulq,consulq,2
Momo,Momo,24837
MYM_ALKAPONE,MYM_ALKAPONE,45478
ToreSays,ToreSays,7134
MaaiLinh,MaaiLinh,14053
projektmelody,projektmelody,26239
NBA,NBA,1032
Reversal,Reversal,5099
dogswellfish,dogswellfish,26455
Suri,Suri,7096
Drjayfisto,Drjayfisto,9245
inet_saju,inet_saju,9387
rngudwnswkd,rngudwnswkd,10826
rigoncs,rigoncs,2465
Broeki1,Broeki1,27055
genius_mad,genius_mad,5248
gearbaby1010,gearbaby1010,39198
OgamingSC2,OgamingSC2,10609
paulanobre,paulanobre,29023
isamu,isamu,20995
PUBGJAPAN,PUBGJAPAN,3478
Mendo,Mendo,22346
PaladinsGame,PaladinsGame,15183
Smashley,Smashley,21427
C_a_k_e,C_a_k_e,47721
breeze0920,breeze0920,6333
ZONY,ZONY,10620
pgod,pgod,42809
Kidi,Kidi,15842
DumbDog,DumbDog,14572
dakotaz,dakotaz,18174
evaanna,evaanna,43714
ZeplaHQ,ZeplaHQ,22752
Sh4dowehhh,Sh4dowehhh,21421
apexerpinky,apexerpinky,3971
dnd,dnd,4571
dinablin,dinablin,23641
Facefoot,Facefoot,289
purple_hs,purple_hs,13499
juansguarnizo,juansguarnizo,476599
bobqinxd,bobqinxd,18970
Coreano,Coreano,57271
dubudota,dubudota,39
TheRealzBlueWater,TheRealzBlueWater,23882
newbz,newbz,9131
Slayproxx,Slayproxx,11069
Rogue,Rogue,59866
Diables,Diables,19273
AlanzqTFT,AlanzqTFT,16905
D3stri,D3stri,10712
aminematue,aminematue,52468
pjs9073,pjs9073,59377
ChilledChaos,ChilledChaos,40209
Bigpuffer,Bigpuffer,5299
Kiva,Kiva,6908
Jelty,Jelty,213288
Nightblue3,Nightblue3,52721
bearpigcentral,bearpigcentral,10264
fcsm_kefir,fcsm_kefir,7468
IFrostBolt,IFrostBolt,34353
TrU3Ta1ent,TrU3Ta1ent,45462
CreativeMonkeyz,CreativeMonkeyz,12280
shadowkekw,shadowkekw,17431
Enkk,Enkk,15472
Tobias,Tobias,7461
naseongkim,naseongkim,24826
shtan_udachi,shtan_udachi,18033
TheBoiSantana,TheBoiSantana,10344
Mobuckets,Mobuckets,27559
BigEx,BigEx,17445
VGBootCamp,VGBootCamp,58862
peVoR13,peVoR13,19022
x2Twins,x2Twins,58040
flamekr,flamekr,17944
Brawlhalla,Brawlhalla,108414
yuniko0720,yuniko0720,16809
Taylor_Jevaux,Taylor_Jevaux,28580
Clix,Clix,141250
timb0_,timb0_,5814
mL7support,mL7support,23058
Bengal,Bengal,5033
Frost_,Frost_,96
demonzz1,demonzz1,8915
zoodasa,zoodasa,14189
RebirthzTV,RebirthzTV,68812
SkyshockTV,SkyshockTV,17289
McGribbles,McGribbles,189
Yuggie_TV,Yuggie_TV,12455
BoomerNA,BoomerNA,25869
enzzai,enzzai,9148
LukiSteve,LukiSteve,38408
Repullze,Repullze,22048
DrFeelgood,DrFeelgood,22060
zybbr,zybbr,4038
B0aty,B0aty,35569
remsua,remsua,57914
Sweet_Anita,Sweet_Anita,37560
LVNDMARK,LVNDMARK,131270
ekatze007,ekatze007,26049
scump,scump,95952
Pantoufl,Pantoufl,5089
takeshi,takeshi,15179
Moonryde,Moonryde,59135
SkyrrozTV,SkyrrozTV,63599
Warcraft,Warcraft,173
DreamAlt_,DreamAlt_,550
flamuu,flamuu,14250
syaruru3,syaruru3,12849
lol_madlife,lol_madlife,7608
IamCristinini,IamCristinini,86362
Rob2628,Rob2628,880
actingliketommy,actingliketommy,18219
Sapnap,Sapnap,101776
DaveGaming73,DaveGaming73,9806
Russel,Russel,7017
elded,elded,106443
BestPromos,BestPromos,662
mehdideluxe,mehdideluxe,49008
gccx_subtitled,gccx_subtitled,82
AyzenLr,AyzenLr,9296
Smurf_tv,Smurf_tv,14868
KayzahR,KayzahR,32554
Bichard,Bichard,4579
zunksoyyo,zunksoyyo,5439
Mr_Reeze,Mr_Reeze,2588
Crystalst,Crystalst,22094
DanucD,DanucD,29312
BlackUFA,BlackUFA,26526
WithZack,WithZack,11947
Destroy,Destroy,27534
Zwave69,Zwave69,17773
Navcia,Navcia,5784
Punz,Punz,30893
handongsuk,handongsuk,100941
sneakylol,sneakylol,106626
yoshinama222,yoshinama222,11925
CaioWinkle,CaioWinkle,27415
AyeZee,AyeZee,15497
VooDooSh,VooDooSh,61723
JonZherka,JonZherka,21932
noahreyli,noahreyli,50962
del1ght,del1ght,12244
Reborn_Live,Reborn_Live,31538
Lazvell,Lazvell,25838
Zombie_Barricades,Zombie_Barricades,5825
dopa24,dopa24,21094
unicornio,unicornio,47907
ItsSliker,ItsSliker,12277
dkwl025,dkwl025,10606
TANZVERBOT,TANZVERBOT,22075
coscu,coscu,146939
xChocoBars,xChocoBars,37234
wintergaming,wintergaming,17026
Sacriel,Sacriel,50073
Giantwaffle,Giantwaffle,29708
buster,buster,148050
abcdyy,abcdyy,10720
Thijs,Thijs,49704
Spaceboy,Spaceboy,20279
borraskka,borraskka,13585
k1ng,k1ng,29389
SrSerpiente,SrSerpiente,5536
DuelLinksMeta,DuelLinksMeta,17661
neimki,neimki,15214
Ezekiel_III,Ezekiel_III,14556
kamikpro,kamikpro,8592
LAGTVMaximusBlack,LAGTVMaximusBlack,8236
Zemie,Zemie,22476
fares_salvatoree,fares_salvatoree,7492
torona1,torona1,18442
Sabaku_no_Sutoriimaa,Sabaku_no_Sutoriimaa,28448
CasinoDaddy,CasinoDaddy,16840
WillerZ,WillerZ,30905
beryl_lulu,beryl_lulu,35184
ElRichMC,ElRichMC,32388
MckyTV,MckyTV,151647
Blazt,Blazt,5401
LuisOrmenoa27,LuisOrmenoa27,9521
Trymacs,Trymacs,402678
JonathanOng,JonathanOng,5534
109ace,109ace,30832
WePlayCSGO_ru,WePlayCSGO_ru,125950
eduardo_hook,eduardo_hook,9930
ZakvielChannel,ZakvielChannel,6861
BLOU,BLOU,65511
bking0921,bking0921,6121
KostbI4,KostbI4,16538
heavyRainism,heavyRainism,12698
tanukininja,tanukininja,9613
NimuVT,NimuVT,73751
heyimbee,heyimbee,16735
Sick_Nerd,Sick_Nerd,13227
TheDarkness,TheDarkness,30523
boxbox,boxbox,81417
5uppp,5uppp,20475
nlmiso95,nlmiso95,5237
mujs_,mujs_,33208
Gladd,Gladd,37194
JERICHO,JERICHO,20825
SlotsArden,SlotsArden,6
NateHill,NateHill,19653
Rubsarb,Rubsarb,17808
SANDBOX_GO,SANDBOX_GO,70
chusommontero,chusommontero,23636
TwitchSports,TwitchSports,1072
Mushway,Mushway,17471
SquishyMuffinz,SquishyMuffinz,14621
Nephtunie,Nephtunie,15694
Asmongold,Asmongold,248145
CriticalRole,CriticalRole,29681
Dunduk,Dunduk,15000
Naughty,Naughty,4582
StRoGo,StRoGo,39494
DinixGames,DinixGames,1064
AnniTheDuck,AnniTheDuck,73541
yang,yang,11653
Cydonia_Chiara,Cydonia_Chiara,18965
TheKAIRI78,TheKAIRI78,29010
thdwodnr97,thdwodnr97,3396
ZLOYn,ZLOYn,44255
FENGRUSH,FENGRUSH,7798
TheJRM_,TheJRM_,27596
yugyungwoo,yugyungwoo,5208
RNakano,RNakano,4589
sixwong,sixwong,20130
AdinRoss,AdinRoss,423665
HyperRatTV,HyperRatTV,23280
raderaderader,raderaderader,41145
Evo,Evo,148
Papaplatte,Papaplatte,68260
SleepyPuffy,SleepyPuffy,1207
dawnhs,dawnhs,4760
DavyJones,DavyJones,17547
BastiGHG,BastiGHG,53872
Eaddy_,Eaddy_,13794
HAchubby,HAchubby,24191
robcdee,robcdee,35714
elisawavess,elisawavess,9893
gratis150ml,gratis150ml,40735
rooftopcat99,rooftopcat99,37513
Shenpai,Shenpai,16979
yourragegaming,yourragegaming,64107
nein1203,nein1203,10109
XEWER,XEWER,12044
mobilmobil,mobilmobil,38029
Seals311,Seals311,10958
japanese_restream,japanese_restream,217
mailand,mailand,17764
Masayoshi,Masayoshi,47510
Tomato,Tomato,26865
AlliedEsports,AlliedEsports,2048
Mickalow,Mickalow,15027
EYBL3,EYBL3,3
SamSaberi,SamSaberi,14588
itsHafu,itsHafu,49061
CapcomFighters,CapcomFighters,13147
Almxnd,Almxnd,13066
Pollynette,Pollynette,7078
Bonkol,Bonkol,8009
imls,imls,4369
PAGO3,PAGO3,38446
carry_game,carry_game,40348
selis13,selis13,10515
Slick,Slick,22304
clutch_fii,clutch_fii,11343
KXMI,KXMI,17299
zombs,zombs,27356
Takadoto,Takadoto,9571
Vargskelethor,Vargskelethor,22567
PG_Esports,PG_Esports,5417
berry0314,berry0314,32388
CrReaM,CrReaM,11932
pacific8815,pacific8815,48018
JLAmaru,JLAmaru,71579
kanetv8,kanetv8,28609
NoobOwl,NoobOwl,1445
Sweatcicle,Sweatcicle,26788
TeeGrizzley,TeeGrizzley,23669
LPGjustJohnny,LPGjustJohnny,18762
AriaSaki,AriaSaki,24481
cherrypach,cherrypach,26308
TrashTalkFr,TrashTalkFr,212
jimmyconrad,jimmyconrad,1330
Fragnance,Fragnance,9637
TheBubbaArmy,TheBubbaArmy,3913
pqueen,pqueen,61735
BoxyFresh,BoxyFresh,19223
elBokeron,elBokeron,9889
theMYSTIC7hwd,theMYSTIC7hwd,7607
NAKOO_Fn,NAKOO_Fn,28180
VeRsuta,VeRsuta,13430
Dyrus,Dyrus,22660
Rubius,Rubius,518122
Uthenera,Uthenera,18701
chefstrobel,chefstrobel,23387
Tealzlol,Tealzlol,7667
Tado87,Tado87,2118
Letshe,Letshe,24770
pokanoname,pokanoname,15257
sweetcampercs,sweetcampercs,39186
H0llyLP,H0llyLP,16062
LightFuryLF,LightFuryLF,14772
Horcus,Horcus,18649
rAx1337,rAx1337,17657
neutreN,neutreN,12521
sodapoppin,sodapoppin,284409
yeTz,yeTz,12340
aroyitt,aroyitt,21142
lovelyyeon,lovelyyeon,19250
uzra,uzra,31895
supertf,supertf,35444
notmes,notmes,18432
nugiyen,nugiyen,21070
Sydeon,Sydeon,11891
DuendePablo,DuendePablo,30361
jean_mago,jean_mago,58710
RRaenee,RRaenee,22364
tiburciand0,tiburciand0,6860
esAcarry,esAcarry,29449
BruceDropEmOff,BruceDropEmOff,47979
dmt_tv,dmt_tv,5451
xth0rek,xth0rek,25753
Ziggy,Ziggy,11746
mokrivskyi,mokrivskyi,29968
Loru77,Loru77,15402
SocialBoomTV,SocialBoomTV,2400
Vlesk,Vlesk,24039
RaulZitoYT,RaulZitoYT,21
ipproducoes,ipproducoes,1496
Smokaloke,Smokaloke,8163
johnny3047258,johnny3047258,25152
lubatv,lubatv,1754
Sjow,Sjow,25817
AaronOnAir,AaronOnAir,7098
Nokokopuffs,Nokokopuffs,55999
natalan,natalan,31352
Chap,Chap,14497
m3traNeo,m3traNeo,8792
snuffy,snuffy,27168
midbeast,midbeast,131160
SolaryFortnite,SolaryFortnite,51611
Fundy,Fundy,27708
Mayichi,Mayichi,43298
Domingo,Domingo,97120
UncleBjorn,UncleBjorn,13565
Fairlight_Excalibur,Fairlight_Excalibur,20287
PPGL_VCTPH,PPGL_VCTPH,1734
pathofexile,pathofexile,361
CompletedItMate,CompletedItMate,5942
GRONKH,GRONKH,97847
Jaidefinichon,Jaidefinichon,11094
DessT3,DessT3,11358
sweetdreams,sweetdreams,51956
des0ut,des0ut,23818
ImKaiCenat,ImKaiCenat,84445
karchez,karchez,49170
dmf_kyochan,dmf_kyochan,26374
Kandyland,Kandyland,25824
kannachan524,kannachan524,20698
stevewillsendit,stevewillsendit,22825
slrabbit99,slrabbit99,11192
runthefutmarket,runthefutmarket,60191
FoxenKin,FoxenKin,28378
Trinity,Trinity,8034
cNed,cNed,24322
AbuSwe7l,AbuSwe7l,8246
yamatonjp,yamatonjp,39357
BaianoNS,BaianoNS,24229
Crayator,Crayator,13190
9ambler,9ambler,12717
WankilStudio,WankilStudio,30499
Sequisha,Sequisha,65302
Cedduzzo,Cedduzzo,10433
shofu,shofu,4742
iltw1,iltw1,12133
mrstiventc,mrstiventc,33167
IgorGHK,IgorGHK,7735
ClintStevens,ClintStevens,60827
jcorko_,jcorko_,5042
Draineo,Draineo,37
JUJALAG,JUJALAG,23986
eliasn97,eliasn97,221534
Alliege,Alliege,67189
Zaelia,Zaelia,60
wayne75525,wayne75525,19576
WELOVEGAMES,WELOVEGAMES,35752
iiTzTimmy,iiTzTimmy,234344
holak1337,holak1337,34689
kato_junichi0817,kato_junichi0817,232446
MembTV,MembTV,9096
rodsquare,rodsquare,14701
YourPelagea,YourPelagea,13967
XaKoH,XaKoH,8034
CohhCarnage,CohhCarnage,135174
Anthony_Kongphan,Anthony_Kongphan,44817
PotionShopTV,PotionShopTV,2004
ClassyBeef,ClassyBeef,44430
AdmiralBahroo,AdmiralBahroo,90032
ElcanaldeJoaco,ElcanaldeJoaco,47560
shinimon,shinimon,15055
AkTep,AkTep,13127
SkipNhO,SkipNhO,44100
AsmodaiTV,AsmodaiTV,27696
sashagrey,sashagrey,42711
es4xtank,es4xtank,8234
RollingStone,RollingStone,623
nl_Kripp,nl_Kripp,120870
resttpowered,resttpowered,29027
GrappLr,GrappLr,9907
Pieman,Pieman,21233
TpaBoMaH,TpaBoMaH,44537
olyashaa,olyashaa,27875
ESL_SC2,ESL_SC2,40199
Noardra,Noardra,8010
scoped,scoped,37101
DavidLafargeOFF,DavidLafargeOFF,13232
NeverSayYesTwitch,NeverSayYesTwitch,14276
s1mple,s1mple,110872
obm1025,obm1025,57861
failverde,failverde,23249
franchiseglobalart,franchiseglobalart,7342
Zoomaa,Zoomaa,29316
Zanfas_Cenegal,Zanfas_Cenegal,11002
RotterdaM08,RotterdaM08,10488
melharucos,melharucos,51327
GENSYXA,GENSYXA,27408
SidneyEweka,SidneyEweka,96510
GWBPS_en,GWBPS_en,27
SaltyBet,SaltyBet,11788
GamesDoneQuick,GamesDoneQuick,50493
Lightee7,Lightee7,20788
Jolavanille,Jolavanille,29860
JLTomy,JLTomy,120637
WolfeyVGC,WolfeyVGC,3040
kranichhs,kranichhs,8207
Central_Committee,Central_Committee,9698
bbbb87,bbbb87,30558
Thebenbig,Thebenbig,9901
LITkillah,LITkillah,52000
Elposhas_,Elposhas_,884
VinttiMisut,VinttiMisut,8758
TapL,TapL,15695
Meikodboy_,Meikodboy_,28820
MatteoHS,MatteoHS,26307
Tactical_Potato_,Tactical_Potato_,2617
TPAIN,TPAIN,27855
SoyFelipez360,SoyFelipez360,19364
AnthonyZ,AnthonyZ,103588
woowakgood,woowakgood,52202
Complexity,Complexity,48
spoopykitt,spoopykitt,21121
knueppelpaste,knueppelpaste,8934
MiltonTPike1,MiltonTPike1,16678
Xposed,Xposed,48479
Wismichu,Wismichu,14111
Northwar,Northwar,1294
Insomniac,Insomniac,10501
nahzinhaa,nahzinhaa,24538
Surefour,Surefour,24077
Foolish_Gamers,Foolish_Gamers,77822
karlnetwork,karlnetwork,164572
Ramee,Ramee,131544
Flight23white,Flight23white,39883
teknoyd,teknoyd,11989
OkCode,OkCode,48367
loud_coringa,loud_coringa,238785
matsuri_hs,matsuri_hs,7375
deco966,deco966,2641
Kurumx,Kurumx,14433
R6esportsBR,R6esportsBR,36107
Divi,Divi,11078
MOONMOON,MOONMOON,109007
Nefastone,Nefastone,9475
JenNyan,JenNyan,15940
BigSpinCR,BigSpinCR,31614
gamergirl,gamergirl,15249
PUBG_BATTLEGROUNDS,PUBG_BATTLEGROUNDS,61820
Xnapycz,Xnapycz,18490
yunzinseok,yunzinseok,5364
ogmeik,ogmeik,3971
KendineMuzisyen,KendineMuzisyen,96940
ROBN,ROBN,10166
Otzdarva,Otzdarva,118257
Thebausffs,Thebausffs,81188
lyon3k,lyon3k,7889
willneff,willneff,26819
Evelone192,Evelone192,130451
ArrumieShannon,ArrumieShannon,6951
RazaH,RazaH,21531
GordaoPD,GordaoPD,44
GarenaTW,GarenaTW,148
Ultia,Ultia,16120
BOBLEGOB,BOBLEGOB,8879
ROSHTEIN,ROSHTEIN,251835
Arex,Arex,5966
Sommerset,Sommerset,55614
AlphaCast,AlphaCast,36719
SmallAnt,SmallAnt,82848
latesitoo,latesitoo,168
albislol,albislol,6530
RybsonLoL_,RybsonLoL_,39358
asmr_pleasure,asmr_pleasure,15180
eazykee,eazykee,4426
PietSmiet,PietSmiet,74142
Leynainu,Leynainu,85338
Symfuhny,Symfuhny,121494
Daniels,Daniels,20625
LightInTheFog,LightInTheFog,9
hanjoudesu,hanjoudesu,38758
aboedmxtest,aboedmxtest,10290
ShahZaM,ShahZaM,211499
TheDeluxe4,TheDeluxe4,6395
bbonge_,bbonge_,19422
Perxitaa,Perxitaa,39432
iaaraS2,iaaraS2,16379
Couriway,Couriway,15062
starsmitten,starsmitten,38335
chesscomfr,chesscomfr,292
MahdiBa,MahdiBa,11729
tmxk319,tmxk319,72735
emilyywang,emilyywang,25155
Bugha,Bugha,79609
itmeJP,itmeJP,23474
Fenya,Fenya,16901
DansGaming,DansGaming,30084
Anomaly,Anomaly,21788
KamoLRF,KamoLRF,5792
Ruben,Ruben,7733
LobosJr,LobosJr,18167
Cachorro1337c,Cachorro1337c,4066
Agraelus,Agraelus,42527
xCry,xCry,24947
TimTheTatman,TimTheTatman,4794
DTN_KH,DTN_KH,28536
Pato,Pato,10592
ao_o5,ao_o5,10572
Reverse2k,Reverse2k,9848
AquaFPS,AquaFPS,30054
VonDice,VonDice,65978
Conducteir77,Conducteir77,12475
Serpentgameplay,Serpentgameplay,9404
Corobizar,Corobizar,16582
Alinity,Alinity,69905
Xiuder_,Xiuder_,40419
BENIJU03,BENIJU03,64807
FenoHS,FenoHS,9711
restya_tw,restya_tw,34840
dmdtkadl69,dmdtkadl69,5525
xmerghani,xmerghani,16839
Sodtz,Sodtz,2850
Echo_Esports,Echo_Esports,16115
NickDaBooM,NickDaBooM,14403
Bronx,Bronx,16008
Xari,Xari,36734
Kalei,Kalei,43375
MuTeX,MuTeX,77579
PapoMC,PapoMC,13761
Nikof,Nikof,14095
kentung,kentung,22665
hastad,hastad,18996
AutomaticJak,AutomaticJak,6841
2Anttona,2Anttona,5
EFEUYGAC,EFEUYGAC,18549
TGLTN,TGLTN,26343
TSM_ZexRow,TSM_ZexRow,4769
yumyumyu77,yumyumyu77,33834
melina,melina,54589
jielun1215,jielun1215,6821
Falcodrin,Falcodrin,2760
Slipixxx,Slipixxx,33757
jbzzed,jbzzed,38125
AlphaSniper97,AlphaSniper97,9394
AnnieFuchsia,AnnieFuchsia,29331
ItsSammyP,ItsSammyP,6393
Shisheyu_Mayamoto,Shisheyu_Mayamoto,22168
BreitenVonBerg,BreitenVonBerg,5716
ElOjoNinja,ElOjoNinja,24805
shuteye_orange,shuteye_orange,24549
Loeya,Loeya,34431
steelohs,steelohs,7482
team_spiritzero,team_spiritzero,3549
x6FlipiN,x6FlipiN,12909
Sonecarox,Sonecarox,18007
pulgaboy,pulgaboy,36038
SkipNhOLIVE,SkipNhOLIVE,185
NikitonipongoTV,NikitonipongoTV,24235
Faux,Faux,24128
Ramez05,Ramez05,3630
fl0m,fl0m,26241
nanajam777,nanajam777,12768
Nix,Nix,27661
Lineage2ES,Lineage2ES,263
MAAU,MAAU,7326
Cope,Cope,16172
StopGameRu,StopGameRu,6029
leehunnyeo,leehunnyeo,7558
TobiasFate,TobiasFate,93416
ovotz,ovotz,88
Whaazz,Whaazz,21150
GeorgeNotFound,GeorgeNotFound,150339
lck_challengers,lck_challengers,47
Pikabooirl,Pikabooirl,21281
Halien,Halien,12092
KatastroFF,KatastroFF,3
ricoy23,ricoy23,161399
NickEh30,NickEh30,85869
Smaczny,Smaczny,9272
SNEUX,SNEUX,17674
Myth,Myth,45648
TORRO,TORRO,12586
awfdota,awfdota,20704
hannahxxrose,hannahxxrose,26727
oniyadayo,oniyadayo,18239
GloriaMatvien,GloriaMatvien,25119
Raxxanterax,Raxxanterax,9061
Gorgc,Gorgc,109454
CathFawr,CathFawr,12656
weathernewslive,weathernewslive,2814
TeePee,TeePee,81089
Bawkbasoup,Bawkbasoup,23893
Fortnite,Fortnite,67082
kangqui,kangqui,7084
TheViper,TheViper,13040
littleragergirl,littleragergirl,43996
bratiki94,bratiki94,41374
gonsabellla,gonsabellla,16912
CuteDog_,CuteDog_,18843
Vovo,Vovo,9659
SinksR,SinksR,6121
Leopard,Leopard,11239
Zade,Zade,21487
qlnek,qlnek,12677
cristianghost,cristianghost,3557
Brozime,Brozime,3650
NiklasWilson,NiklasWilson,33871
StaysafeTV,StaysafeTV,38531
DerHauge,DerHauge,12404
Topsonous,Topsonous,133
BotezLive,BotezLive,54354
Replays,Replays,25216
SoyPan,SoyPan,19869
kimdoe,kimdoe,34506
DaddyDimmuTV,DaddyDimmuTV,8054
hejin0_0,hejin0_0,15993
Prizzaa,Prizzaa,16312
Buozzi,Buozzi,8359
hyren7,hyren7,5602
Froste,Froste,88
Dennsen86,Dennsen86,8085
SpeedrunsEspanol,SpeedrunsEspanol,895
Makina,Makina,17645
nukomaro2020,nukomaro2020,5632
ryux,ryux,21662
SummonersInnLive,SummonersInnLive,14785
Mmorpg,Mmorpg,12289
deercheerup,deercheerup,52542
NBA2KLeague,NBA2KLeague,4095
c0ker,c0ker,16856
Thdlock,Thdlock,3842
Kennzy,Kennzy,38614
HOLLYWOOD285,HOLLYWOOD285,18528
nuuhfps,nuuhfps,11018
H2P_Gucio,H2P_Gucio,31250
Mitchflowerpower,Mitchflowerpower,3821
skswhdkgo1,skswhdkgo1,9042
blusewilly_retry,blusewilly_retry,45976
IKeepItTaco,IKeepItTaco,24825
parkseorim,parkseorim,3795
SunBaconRelaxer,SunBaconRelaxer,35944
ASMR_Marie,ASMR_Marie,13123
Gingerliness,Gingerliness,22902
cdewx,cdewx,26150
ZeRoyalViking,ZeRoyalViking,11528
PUBGKorea,PUBGKorea,14667
suetam1v4,suetam1v4,48890
richwcampbell,richwcampbell,87578
Attackerdota,Attackerdota,19482
IzakOOO,IzakOOO,34378
erobb221,erobb221,30843
casimito,casimito,198925
MrSheepLive,MrSheepLive,467
Hotted89,Hotted89,13625
icebergdoto,icebergdoto,71998
brycent,brycent,8643
TrilluXe,TrilluXe,42863
CaptainSparklez,CaptainSparklez,15403
kinstaar,kinstaar,10697
ljh0328,ljh0328,9377
Delt4Forc3,Delt4Forc3,8673
yvonnie,yvonnie,47504
Kruzadar,Kruzadar,17854
summit1g,summit1g,320574
IceManIsaac,IceManIsaac,20082
COQTO,COQTO,11455
bratishkinOFF,bratishkinOFF,93453
jorbs,jorbs,15376
Ac7ionMan,Ac7ionMan,10905
Joe_Bartolozzi,Joe_Bartolozzi,30793
skill4ltu,skill4ltu,24441
shayvictorioo,shayvictorioo,41363
danoc0,danoc0,7405
Hiko,Hiko,85376
Simply,Simply,35496
Genburten,Genburten,31958
Kaydop,Kaydop,64282
Albralelie,Albralelie,36500
loud_babi,loud_babi,16167
GuhRL,GuhRL,7804
OvationEsports,OvationEsports,22
BeyondTheSummit,BeyondTheSummit,110790
Geefe,Geefe,5349
Nihachu,Nihachu,47544
BerriTV,BerriTV,13455
okyyy,okyyy,13059
BibixHD,BibixHD,6927
MANvsGAME,MANvsGAME,15917
Empyriangaming,Empyriangaming,14606
OLESYALIBERMAN,OLESYALIBERMAN,14289
WARDELL,WARDELL,60353
ploo,ploo,44917
RATIRL,RATIRL,95629
jeffnam1129,jeffnam1129,5635
knightmar3frame,knightmar3frame,4809
CrisHeroes,CrisHeroes,9916
Sardoche,Sardoche,113329
Shurjoka,Shurjoka,25515
Stray228,Stray228,105907
LACOBRAAA,LACOBRAAA,7136
TianKami,TianKami,12242
leechunhyang,leechunhyang,19172
by_Owl,by_Owl,27237
Lysium,Lysium,29008
Crocodyle_lol,Crocodyle_lol,32393
magical,magical,13092
Dhalucard,Dhalucard,97905
BlasterFAKE,BlasterFAKE,21511
Patriota,Patriota,23707
frttt,frttt,49384
nerdstreet,nerdstreet,2144
Dendi,Dendi,33431
Autumn,Autumn,12695
MrBboy45,MrBboy45,11175
GodHunt,GodHunt,22712
Joueur_du_Grenier,Joueur_du_Grenier,58423
Lucroan,Lucroan,9250
Rakin,Rakin,65279
freyzplayz,freyzplayz,8006
collet11,collet11,17578
Konvy,Konvy,30685
Olsior,Olsior,13463
awesamdude,awesamdude,1926
Anna_Chess,Anna_Chess,11886
Bananirou,Bananirou,15053
TrymacsKaktusKoenig,TrymacsKaktusKoenig,2577
RetroGaijin,RetroGaijin,18603
Alkaizerx,Alkaizerx,29477
UMGGaming,UMGGaming,2993
bighead033,bighead033,11136
Squeezie,Squeezie,150742
LIRIK,LIRIK,214679
PaymoneyWubby,PaymoneyWubby,48211
Tanizen,Tanizen,24898
haxxnini,haxxnini,26015
zorlaKOKA,zorlaKOKA,19409
STYLERZ,STYLERZ,25616
daltoosh,daltoosh,76936
Daxak,Daxak,63767
seoahtv,seoahtv,18143
HutchMF,HutchMF,43432
AsianGuyStream,AsianGuyStream,36827
Becca,Becca,24123
Hirona,Hirona,24601
AQUINOby2002,AQUINOby2002,26920
P4wnyhof,P4wnyhof,29631
acro_land,acro_land,4419
orkpod,orkpod,13896
UberHaxorNova,UberHaxorNova,29151
koreshzy,koreshzy,20124
calango,calango,35451
chodan_,chodan_,15870
k13tv,k13tv,7491
HiNas3,HiNas3,10347
lol_woolf,lol_woolf,15545
Gotaga,Gotaga,218688
Insym,Insym,35277
dtn_mukai,dtn_mukai,28641
hikarustation,hikarustation,4
gackt_N,gackt_N,7864
Faker,Faker,173570
elena_fn,elena_fn,32087
2SekundovyMato,2SekundovyMato,12376
fps_shaka,fps_shaka,201687
LVPes,LVPes,50958
Everyeyeit,Everyeyeit,9011
Japan_ASMR,Japan_ASMR,7023
belvid,belvid,9605
majuuzinha,majuuzinha,157
Caedrel,Caedrel,145184
TSM_Viss,TSM_Viss,33375
VALORANT_BR,VALORANT_BR,79534
MarineMammalRescue,MarineMammalRescue,26234
vinnie,vinnie,20292
Granny,Granny,10641
NiteNightKid,NiteNightKid,677
FanHOTS,FanHOTS,10058
MrCreatifee,MrCreatifee,20347
Petrusco2,Petrusco2,2966
Sykkuno,Sykkuno,231829
Swagg,Swagg,140396
TNTSportsBr,TNTSportsBr,34786
toeiii,toeiii,7303
Aa9skillz,Aa9skillz,25898
NumotTheNummy,NumotTheNummy,11996
Bruninzor,Bruninzor,21772
SmiteGame,SmiteGame,59426
Monodie,Monodie,7711
ziGueira,ziGueira,38920
Kephrii,Kephrii,22724
JOEYKAOTYK,JOEYKAOTYK,14314
FabrizioRomano,FabrizioRomano,6636
Nick28T,Nick28T,28366
jpctheman_,jpctheman_,11219
Winghaven,Winghaven,27868
Vicens,Vicens,20090
Heideltraut,Heideltraut,16782
snoodyboo,snoodyboo,13552
ESL_csgo_es,ESL_csgo_es,18549
Keeoh,Keeoh,13565
CBLOL,CBLOL,89246
Valle,Valle,8916
coldzin,coldzin,18483
Grimm,Grimm,23780
CarlJrtm,CarlJrtm,1173
Scrapie,Scrapie,15450
HawksHideout,HawksHideout,525
Hera,Hera,8076
SteveSuptic,SteveSuptic,27454
SparkofPhoenixTV,SparkofPhoenixTV,6361
Harmii,Harmii,16093
agurin,agurin,37156
imDBRAZ,imDBRAZ,7915
1DrakoNz,1DrakoNz,18974
idreau_,idreau_,7482
Xlice,Xlice,31135
rhffkddl96,rhffkddl96,7985
Northernlion,Northernlion,45153
revolta,revolta,41183
cloakzy,cloakzy,86713
rewinside,rewinside,33488
FollowGrubby,FollowGrubby,40343
Ray__C,Ray__C,46679
Cepreu_Inq,Cepreu_Inq,10808
SchwabbelTown,SchwabbelTown,7975
GoBGG,GoBGG,16026
Kiwo,Kiwo,7173
AnneMunition,AnneMunition,12340
urbanaplay,urbanaplay,5646
SypherPK,SypherPK,129361
boltz,boltz,13411
Alliance_Hakis,Alliance_Hakis,8797
Nateos,Nateos,21053
Lasqa,Lasqa,6596
ChaBrikk,ChaBrikk,493
sizer0346,sizer0346,6757
fuji720x,fuji720x,10550
NanniTwitch,NanniTwitch,11007
KING_spb,KING_spb,12733
RedBeard,RedBeard,8078
Llobeti4,Llobeti4,42327
RiotGamesRU,RiotGamesRU,14548
Shadoune666,Shadoune666,13663
Nuke73,Nuke73,17428
Wackyjacky101,Wackyjacky101,13479
Rumathra,Rumathra,59548
Chess,Chess,52466
Ash_on_LoL,Ash_on_LoL,20899
sips_,sips_,43862
KillerCam1020,KillerCam1020,1764
Ness,Ness,10008
swimstrim,swimstrim,11670
vanotica_,vanotica_,9076
Kamet0,Kamet0,110031
sirolopez56,sirolopez56,16011
Minos,Minos,14046
Diegosaurs,Diegosaurs,37124
ANGRYPUG,ANGRYPUG,33861
mitdamm,mitdamm,6358
Kalach444,Kalach444,4222
Farfa,Farfa,13912
SONII,SONII,9544
just_lina,just_lina,2654
AGBIN3R,AGBIN3R,14881
Amouranth,Amouranth,438001
TEBtvRU,TEBtvRU,12611
IWillDominate,IWillDominate,43926
Anton,Anton,12107
AversionDE,AversionDE,18
SofiKimmy,SofiKimmy,20923
Alixxa,Alixxa,12838
xXxTheFocuSxXx,xXxTheFocuSxXx,142606
Esports_Alliance,Esports_Alliance,13435
NobletOfU,NobletOfU,6076
Zentreya,Zentreya,22346
Guzu,Guzu,12967
MySportsCH,MySportsCH,1419
Sir_Thomas_,Sir_Thomas_,11900
loud_thurzin,loud_thurzin,59956
Dragneel_FH,Dragneel_FH,16483
luidematos,luidematos,17299
iLame,iLame,40990
guanweiboy,guanweiboy,34661
Mahluna,Mahluna,29429
JEFFAOCS,JEFFAOCS,14083
Mr_Mammal,Mr_Mammal,8907
Anastasia_Rose_Official,Anastasia_Rose_Official,14368
10000DAYS,10000DAYS,11781
artesianbuilds,artesianbuilds,17187
zxcursed,zxcursed,100918
dua3362,dua3362,8484
XcaliburYe,XcaliburYe,35923
ajehr,ajehr,23762
RelaxBeats,RelaxBeats,7270
Wirtual,Wirtual,32552
Voyboy,Voyboy,140
TwitchPresentsKR,TwitchPresentsKR,9248
Tixinhadois,Tixinhadois,13243
KristoferYee,KristoferYee,20387
IlloJuan,IlloJuan,124464
maxim,maxim,52815
Gius,Gius,13726
inkiiing,inkiiing,9182
Sushint,Sushint,3817
UNLOSTV,UNLOSTV,36472
SouzaSoul,SouzaSoul,16332
CSRfps,CSRfps,3975
ESL,ESL,2868
Bigezmoge,Bigezmoge,24110
Forweark,Forweark,13560
DoktorFroid,DoktorFroid,23806
linfufu,linfufu,14750
ops1x,ops1x,68961
jdm2088,jdm2088,36495
Purpled,Purpled,17167
LittleBigWhale,LittleBigWhale,29322
Jotacanario,Jotacanario,3762
Nikolarn,Nikolarn,24256
ZiggyDLive,ZiggyDLive,2540
sonycast_,sonycast_,25765
Jankos,Jankos,121349
GeT_RiGhT,GeT_RiGhT,7269
MattRP,MattRP,11232
Oonolive,Oonolive,8898
Gaules,Gaules,393697
Robnic,Robnic,8831
Drainerx,Drainerx,11818
Locklear,Locklear,98525
mch_AGG,mch_AGG,45331
gsmVoiD,gsmVoiD,19960
Murilosoo,Murilosoo,40
JoeWo,JoeWo,63567
DiazBiffle,DiazBiffle,74486
ErycTriceps,ErycTriceps,13184
MasteerXd,MasteerXd,15887
Smzinho,Smzinho,48982
Im_Dontai,Im_Dontai,57449
Cruelladk,Cruelladk,5913
Filosofisica,Filosofisica,5361
alberee,alberee,8545
Solaaaa,Solaaaa,24648
rkdwl12,rkdwl12,18600
sapnapalt,sapnapalt,17875
HoneyMad,HoneyMad,74689
RayNarvaezJr,RayNarvaezJr,18405
HITPOINTCZ,HITPOINTCZ,3108
Naguura,Naguura,33945
Atrioc,Atrioc,34179
kennybeats,kennybeats,7962
ipav999,ipav999,20418
limit_maximum,limit_maximum,54116
Castro_1021,Castro_1021,332422
NoHandsGamer,NoHandsGamer,6788
RyuQuezacotl,RyuQuezacotl,5596
ironmouse,ironmouse,72246
iateyourpie,iateyourpie,10635
Kubx,Kubx,15962
SpeedGamingPortugues,SpeedGamingPortugues,3817
Philza,Philza,194692
Subroza,Subroza,84500
buckefps,buckefps,15779
TwitchFarming,TwitchFarming,10908
MacieJay,MacieJay,25032
jongie,jongie,10513
ShubbleYT,ShubbleYT,14264
Sereda,Sereda,5839
benjyfishy,benjyfishy,61572
RoyalPhunk,RoyalPhunk,46352
theRealShooKon3,theRealShooKon3,10272
ElmiilloR,ElmiilloR,70769
AntoineDaniel,AntoineDaniel,66583
KAANFLIX,KAANFLIX,14229
Trick2g,Trick2g,22499
TheAlvaro845,TheAlvaro845,10117
JustCooman,JustCooman,42493
FaZeSway,FaZeSway,35390
Spursito,Spursito,52086
PABELLON_4,PABELLON_4,33473
Glorious_E,Glorious_E,21779
mistermv,mistermv,90944
PeteZahHutt,PeteZahHutt,17530
T90Official,T90Official,25755
Nmplol,Nmplol,143703
Baiano,Baiano,77829
BarcaGamer,BarcaGamer,55736
GivingLifeTop,GivingLifeTop,4652
aXoZer,aXoZer,118846
BlitzStream,BlitzStream,20569
lkc0341,lkc0341,228
lett,lett,54
NOBRU,NOBRU,74581
GreenishMonkey,GreenishMonkey,5922
SicK_cs,SicK_cs,95150
dlsosla,dlsosla,2780
Day9tv,Day9tv,25086
fobm4ster,fobm4ster,27254
ddahyoni,ddahyoni,47364
SnaggyMo,SnaggyMo,5492
Roidie,Roidie,11349
GUACAMOLEMOLLY,GUACAMOLEMOLLY,19692
TraYtoNlol,TraYtoNlol,32805
FrancoEscamillaLIVE,FrancoEscamillaLIVE,2808
NICKMERCS,NICKMERCS,281739
DropsByPonk,DropsByPonk,23602
Sabsdenada,Sabsdenada,204
woohankyung,woohankyung,26391
JezuzJrr,JezuzJrr,19655
JanKz,JanKz,5653
Snip3down,Snip3down,72760
F1ashko,F1ashko,15324
GohaMedia,GohaMedia,8356
Trainwreckstv,Trainwreckstv,305816
lol_ambition,lol_ambition,36050
G4G_REVENANT,G4G_REVENANT,54216
AgenteMaxo,AgenteMaxo,20389
savyultras90,savyultras90,28306
BarbarousKing,BarbarousKing,25156
Sintica,Sintica,36516
Payo,Payo,33325
Fire_Kitchen,Fire_Kitchen,12156
QuickyBaby,QuickyBaby,34335
TeamSp00ky,TeamSp00ky,13927
Zerkaa,Zerkaa,64107
Dezignful,Dezignful,13038
Nidas,Nidas,25969
VALORANT,VALORANT,725944
Rekinss,Rekinss,15089
yoowooyang,yoowooyang,5341
CMARTy,CMARTy,5669
Hype,Hype,45982
Twayko,Twayko,15686
guit88man,guit88man,21492
btssmash,btssmash,61840
cashmeow,cashmeow,5281
MeMayoi,MeMayoi,3524
vysotzky,vysotzky,48487
chen810830,chen810830,16353
nniru,nniru,30453
LeBouseuh,LeBouseuh,38834
Andypsx,Andypsx,11680
Rekkles,Rekkles,218
SolaryHS,SolaryHS,35357
KingShart,KingShart,467
Sneegsnag,Sneegsnag,40009
GTimeTV,GTimeTV,7374
HisandHersLive,HisandHersLive,10191
Deadlyslob,Deadlyslob,28734
ImSoFresh,ImSoFresh,19912
EXBC,EXBC,12374
YDCB,YDCB,12592
fritterus,fritterus,11013
AvoidingThePuddle,AvoidingThePuddle,31133
Governor,Governor,22910
pronoobicx,pronoobicx,9057
msmsms213,msmsms213,14063
KingGeorge,KingGeorge,23011
gamersclubcs,gamersclubcs,3824
ImNio,ImNio,20304
Videoyun,Videoyun,20195
jinu6734,jinu6734,34669
EvonMoss,EvonMoss,11424
KarmikKoala,KarmikKoala,31579
CR_rion,CR_rion,25275
cidcidoso,cidcidoso,27141
ilMasseo,ilMasseo,57838
Reidboyy,Reidboyy,9018
Doublelift,Doublelift,103023
Co1azo,Co1azo,22921
orslok,orslok,731
m0xyy,m0xyy,30464
sujagg,sujagg,75112
Whippy,Whippy,59785
TenZ,TenZ,104342
Steelmage,Steelmage,47076
sasatikk,sasatikk,31791
Maxi,Maxi,6273
komanche,komanche,23059
iddqd,iddqd,11244
Pengu,Pengu,32945
gongparipa,gongparipa,26324
Wingobear,Wingobear,4157
Yassuo,Yassuo,41196
Slysssa,Slysssa,12953
DashDucks,DashDucks,33625
Murda,Murda,15158
AdmiralBulldog,AdmiralBulldog,49942
Jackeyy,Jackeyy,39449
kragiee,kragiee,19077
OCalheiros,OCalheiros,6767
upmedia_live,upmedia_live,4827
slop3,slop3,7894
Euriece,Euriece,71276
Xhiet0,Xhiet0,13067
rickyedit,rickyedit,20754
rlgus1006,rlgus1006,13029
Savjz,Savjz,23535
StableRonaldo_,StableRonaldo_,18871
PearlescentMoon,PearlescentMoon,12519
sacy,sacy,52949
zEkO,zEkO,16696
ggbb528,ggbb528,12456
surrenderhs,surrenderhs,7244
PlayHard,PlayHard,19676
Rakyz,Rakyz,18053
LCS,LCS,57982
Germench,Germench,1481
Ko0416,Ko0416,15960
ju10506,ju10506,19735
CaptainPuffy,CaptainPuffy,36152
AdrianaChechik_,AdrianaChechik_,28986
tvandeR,tvandeR,30575
Reetlol,Reetlol,42979
Ssaab,Ssaab,52881
ybicanoooobov,ybicanoooobov,63940
Elajjaz,Elajjaz,57879
Malinkaa98,Malinkaa98,48255
andreadel1988,andreadel1988,30121
zzamtiger0310,zzamtiger0310,19246
robinsongz,robinsongz,26816
SilentSentry,SilentSentry,7665
zhiting_li,zhiting_li,36676
PENTA,PENTA,52242
GoldGlove,GoldGlove,12681
TheGrefg,TheGrefg,574473
Alfie,Alfie,10059
GD_Booya,GD_Booya,10680
Harry,Harry,40880
ilGabbrone,ilGabbrone,18822
Bren_TM2,Bren_TM2,5174
jessirocks,jessirocks,18457
Th3Antonio,Th3Antonio,41209
saddummy,saddummy,76793
RvNxMango,RvNxMango,12225
JLFakemonster,JLFakemonster,20898
LPL,LPL,95036
OfficialAndyPyro,OfficialAndyPyro,4065
orangemorange,orangemorange,29809
Loserfruit,Loserfruit,31146
Gabi,Gabi,29858
Warframe,Warframe,90874
Naru,Naru,20147
bmkibler,bmkibler,14870
mistercop,mistercop,7587
nodolly,nodolly,24853
auronplay,auronplay,905978
reitathefps,reitathefps,8556
hakumai,hakumai,13621
Carola,Carola,74367
EJ_SA,EJ_SA,5394
Geef,Geef,11099
DutchsinseOfficial,DutchsinseOfficial,3695
KYR_SP33DY,KYR_SP33DY,25181
dakchyo,dakchyo,11596
Beaulo,Beaulo,19586
Carmen,Carmen,12352
Bum1six3,Bum1six3,8352
Rivenzi,Rivenzi,11277
EsfandTV,EsfandTV,125007
mimiluckying,mimiluckying,6326
Recrent,Recrent,106899
FlowPodcast,FlowPodcast,63830
Lobanjicaa,Lobanjicaa,16679
JugiPelaa,JugiPelaa,9927
Macaiyla,Macaiyla,12897
blanchitooo,blanchitooo,10957
AIMLUL,AIMLUL,10204
OGADotaPIT,OGADotaPIT,82853
SuperEvan,SuperEvan,29708
Incon,Incon,17174
Tommey,Tommey,40834
flurry1989,flurry1989,25748
Jahrein,Jahrein,1277
DeuceAce,DeuceAce,28119
zrush,zrush,35041
valorant_jpn,valorant_jpn,92279
Altair,Altair,20379
Jukeyz,Jukeyz,20440
RatoBorrachudo,RatoBorrachudo,7342
katoo,katoo,12950
GeneraL_HS_,GeneraL_HS_,13241
JohnPitterTV,JohnPitterTV,18359
roieee,roieee,23558
ItsLomba,ItsLomba,10536
Zrool,Zrool,6064
SackziTV,SackziTV,27394
Tfue,Tfue,202115
HeyStan,HeyStan,19359
MontanaBlack88,MontanaBlack88,559724
kss7749,kss7749,27344
Wolfabelle,Wolfabelle,30649
nowayzao,nowayzao,9095
zilioner,zilioner,84874
Silithur,Silithur,131007
Herdyn,Herdyn,24942
hekokitaiworld,hekokitaiworld,4671
OMofficial,OMofficial,6440
looksam,looksam,20260
Pompeyo4,Pompeyo4,19839
Jynxzi,Jynxzi,19275
kkatamina,kkatamina,37964
xN0rth,xN0rth,13616
buddha,buddha,130431
RollingLoud,RollingLoud,368
Mandzio,Mandzio,32636
chocoTaco,chocoTaco,40058
Mazarin1k,Mazarin1k,6117
zondalol,zondalol,7360
LizzVega,LizzVega,2987
waitou1117,waitou1117,6060
ALOHADANCETV,ALOHADANCETV,73381
lilsimsie,lilsimsie,29179
alfrea,alfrea,10173
dahmien7,dahmien7,5639
qttsix,qttsix,26130
Jay3,Jay3,25588
TenekeKafalar_TK,TenekeKafalar_TK,12779
fasoollka,fasoollka,18171
Staiy,Staiy,39294
zaayonyt,zaayonyt,3036
Sco,Sco,5595
Fitzyhere,Fitzyhere,8154
Marzzzzy,Marzzzzy,9407
Quackity,Quackity,17712
Phyzikk,Phyzikk,17649
Multiplayerit,Multiplayerit,4809
et_1231,et_1231,44551
Mongraal,Mongraal,214377
runner0608,runner0608,40526
QTCinderella,QTCinderella,129815
JustGaBBo,JustGaBBo,17855
TheGeekEntry,TheGeekEntry,8732
Froggen,Froggen,28769
NoProCast,NoProCast,4184
TenhaTV,TenhaTV,23986
Luzu,Luzu,8530
pokelawls,pokelawls,79366
DesenhosPrime,DesenhosPrime,0
LuckyChamu,LuckyChamu,16578
LCO,LCO,42
Zeling,Zeling,16223
Twaryna,Twaryna,15856
sal_gu,sal_gu,34024
sunbaking,sunbaking,379
pakusyo,pakusyo,4060
TheStockGuy,TheStockGuy,22883
Imfiredup,Imfiredup,3717
PurpleBixi,PurpleBixi,40603
Jendenise,Jendenise,5484
Apryze,Apryze,32841
Krayn_Live,Krayn_Live,14299
tecoNe,tecoNe,15915
R6EsportsBR2,R6EsportsBR2,24124
WorldofWarships,WorldofWarships,42578
Acie,Acie,16172
dapr,dapr,63434
Zizaran,Zizaran,64199
Eray,Eray,33302
Sajam,Sajam,16679
a541021,a541021,19515
Nissaxter,Nissaxter,44834
portialyn,portialyn,32865
sees360,sees360,5848
Delux,Delux,12498
LuluLuvely,LuluLuvely,65223
hipudding1223,hipudding1223,7149
FinaoLive,FinaoLive,8437
LyonWGFLive,LyonWGFLive,108738
Linkus7,Linkus7,19571
bysTaXx,bysTaXx,25402
imPROBZZ,imPROBZZ,19820
koil,koil,54032
TeosGame,TeosGame,4117
ONSCREEN,ONSCREEN,11837
sah_yang,sah_yang,15676
Bajheera,Bajheera,14172
kennyS,kennyS,49846
BazzaGazza,BazzaGazza,8599
Mande,Mande,26632
Dota2RuHub,Dota2RuHub,163273
JoshOG,JoshOG,51959
FgKlouf,FgKlouf,4015
TubboLIVE,TubboLIVE,37332
Ninja,Ninja,227793
alenenwooptv,alenenwooptv,9914
Elwind,Elwind,39081
Jinnytty,Jinnytty,72249
Ponce,Ponce,92165
RiotGamesTurkish,RiotGamesTurkish,21045
BLDCS,BLDCS,2388
fr_zod,fr_zod,4056
TCEC_Chess_TV,TCEC_Chess_TV,1079
StreamerHouse,StreamerHouse,84218
lilypichu,lilypichu,106529
Biotoxz_,Biotoxz_,26975
RaizQT,RaizQT,25411
AbdulHD,AbdulHD,68831
tuonto,tuonto,43872
MarkiLokurasY,MarkiLokurasY,1
fuslie,fuslie,53098
playx4_2021,playx4_2021,3
TwincyTV,TwincyTV,3154
CalebDMTG,CalebDMTG,12425
DesenhosBR,DesenhosBR,2130
roflgator,roflgator,33798
CodeMiko,CodeMiko,37259
Low4n,Low4n,21995
aimdll__,aimdll__,29066
CoconutB,CoconutB,13017
PokemonChallenges,PokemonChallenges,19416
bebe872,bebe872,9092
Faith,Faith,2007
ZeratoR,ZeratoR,145371
WilburSoot,WilburSoot,121726
m4fgaming,m4fgaming,10435
cheatbanned,cheatbanned,42278
ELoTRiX,ELoTRiX,31962
ProdigyDDK,ProdigyDDK,19578
GunnarDotA2,GunnarDotA2,13407
sn400ja,sn400ja,11139
miniminter,miniminter,28986
JohnWolfe,JohnWolfe,12929
KaraCorvus,KaraCorvus,12465
Kertus,Kertus,11201
nokduro,nokduro,57574
MurderCrumpet,MurderCrumpet,15499
GaleguiNS,GaleguiNS,45277
Psychoghost,Psychoghost,12449
Vercetti,Vercetti,14377
Destiny,Destiny,38938
EaiMaka,EaiMaka,12026
Preachlfw,Preachlfw,46868
Fiizy,Fiizy,1473
Popo,Popo,34818
IsVolcano,IsVolcano,16264
Agustabell212,Agustabell212,167756
RTGame,RTGame,34252
RevedTV,RevedTV,40107
VALORANT_Esports_TR,VALORANT_Esports_TR,34454
ReventXz,ReventXz,25116
TheGuill84,TheGuill84,27234
pusa6019,pusa6019,7041
PrimeLeague,PrimeLeague,17940
aXtLOL,aXtLOL,36229
iamSometimes,iamSometimes,16863
taxi2g,taxi2g,63233
Sloot,Sloot,9141
Staryuuki,Staryuuki,49163
Unboxholics,Unboxholics,19307
PWGood,PWGood,5908
h3h3productions,h3h3productions,437
TheDanDangler,TheDanDangler,15270
Doutora,Doutora,4892
Rezo,Rezo,46638
Chica,Chica,42517
akaNemsko,akaNemsko,15555
xPandorya,xPandorya,17939
GuDDummit,GuDDummit,13431
muse_tw,muse_tw,19001
BigIraq,BigIraq,7924
mlchoins,mlchoins,9619
CyrusTWO,CyrusTWO,10966
pimpimenta,pimpimenta,25583
HeyarTV,HeyarTV,13235
JackManifoldTV,JackManifoldTV,56039
ranboobutnot,ranboobutnot,38196
alelu,alelu,13509
paka9999,paka9999,70294
tommyinnit,tommyinnit,71049
RubberNinja,RubberNinja,17483
Back2Warcraft,Back2Warcraft,15865
CooLifeGame,CooLifeGame,45166
BlockchainGameGang,BlockchainGameGang,14611
qq7925168,qq7925168,21832
Annoying,Annoying,46973
39daph,39daph,85168
WhiteSpaASMR,WhiteSpaASMR,32784
SirNeon,SirNeon,1137
butterflyouo,butterflyouo,17895
kimdduddi,kimdduddi,18813
DVM_Medja,DVM_Medja,31865
Juice,Juice,10775
ch1ckenkun,ch1ckenkun,20260
Georgeciupilan0,Georgeciupilan0,24
sylveey,sylveey,3226
ernesBarbeQ,ernesBarbeQ,21484
Shotz,Shotz,44357
Mynthos,Mynthos,26016
cooldog0725,cooldog0725,3760
airshowerse,airshowerse,4011
Sologesang,Sologesang,22916
grenbaud,grenbaud,56444
NoWay4u_Sir,NoWay4u_Sir,103754
Rainbow6,Rainbow6,183490
simpsons_mania_,simpsons_mania_,7251
Quin69,Quin69,124574
BULLSEYE,BULLSEYE,15024
JokerdTV,JokerdTV,30575
YoMax,YoMax,30707
Shlorox,Shlorox,34633
Zapman,Zapman,18701
YourFriendKyle,YourFriendKyle,6818
loltyler1,loltyler1,372654
ZanoXVII,ZanoXVII,156199
SirMaza,SirMaza,15999
Exequiel,Exequiel,5469
valorantesports2,valorantesports2,265
fifakillvizualz,fifakillvizualz,28778
Beelce1,Beelce1,7938
BTMC,BTMC,40392
zynxyz,zynxyz,5238
loud_jordan,loud_jordan,7530
its_iron,its_iron,80552
Dexbonus,Dexbonus,12549
Flats,Flats,11867
futbolitis,futbolitis,856
SwehYT,SwehYT,11194
LVPes2,LVPes2,116203
OgamingLoL,OgamingLoL,7561
Conterstine,Conterstine,24459
WePlayCSGO,WePlayCSGO,2698
BobbyPoffGaming,BobbyPoffGaming,31434
Elraenn,Elraenn,167365
SoloRenektonOnly,SoloRenektonOnly,12072
PeroniaxDeluxe,PeroniaxDeluxe,1831
The_Happy_Hob,The_Happy_Hob,28488
absoluttlol,absoluttlol,8096
KatEvolved,KatEvolved,9316
boyMinORu,boyMinORu,43334
GTAWiseGuy,GTAWiseGuy,83053
tetristhegrandmaster3,tetristhegrandmaster3,3180
ElisabeteTV,ElisabeteTV,23735
Pestily,Pestily,68644
QUICKHUNTIK,QUICKHUNTIK,23887
BadBoyHalo,BadBoyHalo,48430
A_Seagull,A_Seagull,27133
gustavocsgoyt,gustavocsgoyt,5928
Blaustoise,Blaustoise,38093
bananabrea,bananabrea,30264
Guep,Guep,4517
HoneyPuu,HoneyPuu,34074
Academy,Academy,77
ghazzytv,ghazzytv,15316
VitaPvPey,VitaPvPey,5975
Kariyu,Kariyu,4486
ZeROBADASS,ZeROBADASS,27269
Geksagen,Geksagen,2087
TraderSamwise,TraderSamwise,2960
sleepy,sleepy,32221
BTSBrasilTV,BTSBrasilTV,12879
forsen,forsen,124294
MenosTrece,MenosTrece,51142
sooflower,sooflower,28605
magenta62,magenta62,18747
peterparkTV,peterparkTV,47007
Kiyoon,Kiyoon,26987
bebelolz,bebelolz,22100
hJune,hJune,41457
mistafaker,mistafaker,13208
venruki,venruki,19452
Mulder,Mulder,10963
Tumblurr,Tumblurr,70184
Werlyb,Werlyb,65844
TheChief1114,TheChief1114,9896
Alexclick,Alexclick,21082
Warchiwar,Warchiwar,19887
wagnificent,wagnificent,21993
Artosis,Artosis,17710
Tiagovski555YT,Tiagovski555YT,10168
vGumiho,vGumiho,42147
yumytv,yumytv,8786
impulseSV,impulseSV,14663
Novby,Novby,14690
MightyTeapot,MightyTeapot,12703
makataO,makataO,21255
SourSweet,SourSweet,19772
iinwafqht,iinwafqht,220
ShivFPS,ShivFPS,160102
Fruktozka,Fruktozka,18374
harbleu,harbleu,13434
PavelskiBH,PavelskiBH,22018
Yuna,Yuna,7060
aba4647,aba4647,51625
ma_mwa,ma_mwa,11218
JonBams,JonBams,11498
Micaelala,Micaelala,4306
Natarsha,Natarsha,17786
lilballzlolz,lilballzlolz,7070
Rainbow6TW,Rainbow6TW,6851
Lokonazo1,Lokonazo1,10662
Caprimint,Caprimint,21856
loud_lzinn,loud_lzinn,15730
Pace22,Pace22,17677
Dekar173,Dekar173,9387
shroud,shroud,958140
ThaldrinLol,ThaldrinLol,10555
RiffTrax,RiffTrax,7674
chiawei1031tv,chiawei1031tv,14331
ZubatLEL,ZubatLEL,36684
AYYJAYY,AYYJAYY,12911
mister903,mister903,14440
deyyszn,deyyszn,31310
chowh1,chowh1,107402
Shaunz,Shaunz,25609
17BLAZX,17BLAZX,17744
silphtv,silphtv,14674
momonkunn,momonkunn,12671
Deansocool,Deansocool,23650
PUBG_BATTLEGROUNDSTR,PUBG_BATTLEGROUNDSTR,3491
Hitchariide,Hitchariide,9836
tommyinnitalt,tommyinnitalt,623
ArcadeBulls,ArcadeBulls,9320
dasoku_aniki,dasoku_aniki,29337
MYMTUMTUM69,MYMTUMTUM69,10978
xargon0731,xargon0731,40322
fraNkey136,fraNkey136,2817
witwix,witwix,9272
kyo1984123,kyo1984123,24591
Kubon_,Kubon_,14872
Razerninjas,Razerninjas,16397
streamsbyTempl,streamsbyTempl,1467
itsRyanHiga,itsRyanHiga,47981
Faah,Faah,1239
JasonSulli,JasonSulli,6927
ESL_CSGO,ESL_CSGO,516764
crazzyccat,crazzyccat,15184
moogrr1211,moogrr1211,8647
spoonkid,spoonkid,34810
Snowmixy,Snowmixy,19461
Florryworry,Florryworry,11627
PiazzTwitch,PiazzTwitch,13827
Leffen,Leffen,21805
Trilltko,Trilltko,1551
Adal,Adal,27166
Autophil,Autophil,11620
THump,THump,6052
TwitchKR,TwitchKR,2735
wingz,wingz,5769
zackrawrr,zackrawrr,65738
Fyrexxx,Fyrexxx,11625
LolyPokicake,LolyPokicake,33287
Poly_Puff,Poly_Puff,1901
Shibuya_Kaho,Shibuya_Kaho,23664
GernaderJake,GernaderJake,42248
xHankyy,xHankyy,21573
LCK,LCK,100462
gunguno,gunguno,23005
KennyStream,KennyStream,29658
PatoPapao,PatoPapao,16320
ItsJSTN,ItsJSTN,24538
Misilia,Misilia,1172
EternaLEnVyy,EternaLEnVyy,17219
DatModz,DatModz,39858
RocketBeansTV,RocketBeansTV,34709
Merk,Merk,17712
kr1stw,kr1stw,11240
Wingsofdeath,Wingsofdeath,12284
hatsalsal,hatsalsal,16688
Amar,Amar,82919
Silvervale,Silvervale,27348
xkwhd,xkwhd,23492
RandomBruceTV,RandomBruceTV,9570
iBlali,iBlali,9487
Solary,Solary,73569
Stanz,Stanz,12151
Melchior,Melchior,12976
julien,julien,19641
kutcherlol,kutcherlol,26597
JeffHoogland,JeffHoogland,11594
Drututt,Drututt,48898
animal_n01,animal_n01,6467
yd0821,yd0821,42202
SPELL316,SPELL316,2004
95pingman,95pingman,16019
UnsanityLIVE,UnsanityLIVE,2744
scumtk,scumtk,11870
GP_TV,GP_TV,2706
ZAKl1k,ZAKl1k,9393
Tonton,Tonton,49819
ElSpreen,ElSpreen,79987
tarik,tarik,116636
inseq,inseq,5205
HellYeahPlay,HellYeahPlay,11701
Ampeterby7,Ampeterby7,55101
ThomeFN,ThomeFN,5563
Calebhart42,Calebhart42,24166
iNoiizY,iNoiizY,14521
PotasticP,PotasticP,17335
Hycks_,Hycks_,4968
Putupau,Putupau,33782
Grendy,Grendy,18200
Toqtir,Toqtir,45344
Homyatol,Homyatol,33506
IJenz,IJenz,37543
ODPixel,ODPixel,3932
ibai,ibai,778341
Teuf,Teuf,28128
Moondye7,Moondye7,717
Lapi,Lapi,9808
Attrix,Attrix,7991
fragolaqt,fragolaqt,11293
Faide,Faide,33808
cyr,cyr,49960
9QOQ,9QOQ,17064
DizzyKitten,DizzyKitten,20476
Sanchovies,Sanchovies,28969
Method,Method,9431
nanayango3o,nanayango3o,23164
C_Jane,C_Jane,12141
ObsessionTwitch,ObsessionTwitch,5610
bnans,bnans,66480
mery_soldier,mery_soldier,11592
ElChiringuitoTV,ElChiringuitoTV,69753
alexelcapo,alexelcapo,93758
Felps,Felps,33609
MrSoki,MrSoki,49816
RiotGamesJP,RiotGamesJP,35533
GN_GG,GN_GG,9338
gksmf0f0,gksmf0f0,13383
adeptthebest,adeptthebest,35443
FlackJK,FlackJK,4676
Pauleta_Youtubeur,Pauleta_Youtubeur,49386
Peereira7,Peereira7,30168
HusKerrs,HusKerrs,101726
INSCOPE21TV,INSCOPE21TV,13362
aimsey,aimsey,33049
SheriffEli,SheriffEli,17236
YoungMulti,YoungMulti,29841
JimmyBoyyy,JimmyBoyyy,14247
Smoke,Smoke,36840
Overpow,Overpow,20055
kurt0411,kurt0411,6115
RanbooLive,RanbooLive,317239
lina_asmr,lina_asmr,16359
gskianto,gskianto,40118
Kitboga,Kitboga,62366
tranth,tranth,12532
DEATHSIE,DEATHSIE,9481
SgtGrafoyni,SgtGrafoyni,9154
AyarBaffo,AyarBaffo,12808
csgomc_ru,csgomc_ru,312329
stormen,stormen,53102
01bd02,01bd02,9494
NeutrooYT,NeutrooYT,17381
mr_wuco,mr_wuco,14896
ZANKI0H,ZANKI0H,6913
c9judite,c9judite,9938
PCH3LK1N,PCH3LK1N,26471
kumikomii,kumikomii,26958
kuiki771,kuiki771,18469
Grimnax,Grimnax,12357
Paoloidolo,Paoloidolo,23066
MSStudio,MSStudio,15567
mokouliszt1,mokouliszt1,11498
MST3K,MST3K,9120
HBomb94,HBomb94,19298
CyberLiveArena,CyberLiveArena,3341
Alexby11,Alexby11,37976
TEBtv,TEBtv,26637
chess24,chess24,15077
Jiozi,Jiozi,14834
ESL_WC3,ESL_WC3,48
Ranger,Ranger,24417
generalqw,generalqw,23323
uhSnow,uhSnow,27925
NoraExplorer,NoraExplorer,7414
TrueGeordie,TrueGeordie,31949
Sweepsgg,Sweepsgg,5498
aceu,aceu,161479
zumpa_ze_sudet,zumpa_ze_sudet,2874
pokimane,pokimane,196908
aypierre,aypierre,27138
lelisdota,lelisdota,11458
Igromania,Igromania,3356
CDNThe3rd,CDNThe3rd,46915
OhTofu,OhTofu,27390
DSKoopa,DSKoopa,4142
Wardiii,Wardiii,10948
Grimmmz,Grimmmz,44794
Valeria7K,Valeria7K,14951
NoctisAK47,NoctisAK47,14510
JaggerPrincesa,JaggerPrincesa,65406
Arcadum,Arcadum,5236
MoMaN,MoMaN,39752
RedRoses11111,RedRoses11111,6282
RiotGames_Korea,RiotGames_Korea,4039
grafo,grafo,42512
Freakazoid,Freakazoid,9388
ESAMarathon,ESAMarathon,17714
itswill,itswill,12834
GabbyDM,GabbyDM,2056
KSPKSP,KSPKSP,18266
RakanooLive,RakanooLive,29777
q158688920,q158688920,12969
PiecesGG,PiecesGG,15
elweroking,elweroking,476
TheNicoleT,TheNicoleT,70823
Monstercat,Monstercat,7230
GrandPOObear,GrandPOObear,12432
gafallen,gafallen,35814
Silent,Silent,44670
Robbaz,Robbaz,14172
ethos,ethos,38028
KarasMai,KarasMai,31960
DMITRY_BALE,DMITRY_BALE,2683
rhobalas_lol,rhobalas_lol,37755
s1032204,s1032204,20874
FanumTV,FanumTV,18063
brasilfpss,brasilfpss,42404
Ivan_Grieco,Ivan_Grieco,11759
Bidule,Bidule,19034
alanzoka,alanzoka,201431
znebtv,znebtv,4454
NeoNess007,NeoNess007,4291
oestagiario,oestagiario,54063
Tanxlive,Tanxlive,21142
DrekzeNN,DrekzeNN,15928
Dmitry_Lixxx,Dmitry_Lixxx,63206
follentass,follentass,19498
Scripe,Scripe,15848
anny,anny,16146
ibabyrainbow,ibabyrainbow,26168
Complex,Complex,532
al3od,al3od,9589
MasterSnakou,MasterSnakou,25419
FantaBobShow,FantaBobShow,12511
LuckyGhost,LuckyGhost,13287
rootthegamer,rootthegamer,7493
inecr7024,inecr7024,8604
SOLIDFPS,SOLIDFPS,11709
SilverName,SilverName,113701
jarnoopmeer,jarnoopmeer,20778
crouching_tuna,crouching_tuna,5968
Shiphtur,Shiphtur,41030
MarexLoL,MarexLoL,19521
Cerbero_Podcast,Cerbero_Podcast,16868
Rainbow6DE,Rainbow6DE,12451
AhriNyan,AhriNyan,30424
TSM_TheOddOne,TSM_TheOddOne,9945
Pieface23,Pieface23,56176
lol_nemesis,lol_nemesis,116161
MissaSinfonia,MissaSinfonia,50288
bateson87,bateson87,79562
pankylol,pankylol,19379
hc_diZee,hc_diZee,8211
ZormanWorld,ZormanWorld,20298
elwycco,elwycco,20757
Baso,Baso,15865
BruceGrannec,BruceGrannec,60063
kiss_850722,kiss_850722,8544
Gnu_Live,Gnu_Live,25613
LumeiFei,LumeiFei,7418
NeneCreative,NeneCreative,10908
MiiKeLMsT,MiiKeLMsT,14481
ImMarksman,ImMarksman,18741
LCK_Korea,LCK_Korea,173868
rainblue37,rainblue37,5368
dda_ju,dda_ju,41832
Vadeal,Vadeal,38009
CPentagon,CPentagon,27238
dish,dish,19980
Aydan,Aydan,197814
DreadzTV,DreadzTV,54214
surugamonkey0113,surugamonkey0113,17733
ExcessiveProfanity,ExcessiveProfanity,13014
jakenbakeLIVE,jakenbakeLIVE,25682
GsxrClyde,GsxrClyde,11985
FlexZ,FlexZ,22896
QRUSHcsgo,QRUSHcsgo,16686
Skyyart,Skyyart,32306
DougisRaw,DougisRaw,10530
EmadGG,EmadGG,24263
LaChilenaBelu,LaChilenaBelu,13782
DEUSDAGUERRArodrigo,DEUSDAGUERRArodrigo,6182
knekro,knekro,84882
KhanDBL,KhanDBL,12508
A1taOda,A1taOda,18937
JesusAVGN,JesusAVGN,42376
aspiringspike,aspiringspike,11192
HITBOXKING,HITBOXKING,73231
Quantum,Quantum,17402
Gluhammer,Gluhammer,8130
MikeShowSha,MikeShowSha,17653
gutitubo,gutitubo,13331
ShoXx__,ShoXx__,6440
baedony,baedony,8087
klauslol1,klauslol1,7341
TheRealMarzaa,TheRealMarzaa,39001
Daren,Daren,6822
Aiekillu,Aiekillu,10564
DougDougW,DougDougW,12488
Fresh,Fresh,1050
Meowko,Meowko,17995
SirhcEz,SirhcEz,20726
DarkViperAU,DarkViperAU,28343
Richard_Hammer,Richard_Hammer,4682
metashi12,metashi12,49032
stylishnoob4,stylishnoob4,212713
rkdthdus930,rkdthdus930,22662
velox,velox,29981
moistcr1tikal,moistcr1tikal,183916
Ekuegan,Ekuegan,7338
BurkeBlack,BurkeBlack,39500
jccaylen,jccaylen,4594
Strippin,Strippin,26309
Gemita,Gemita,24294
wudijo,wudijo,7457
valorant_la,valorant_la,25288
methodz,methodz,16393
Esportmaniacos,Esportmaniacos,30113
Naded,Naded,3620
oKINGBR,oKINGBR,14975
yayahuz,yayahuz,27822
VivaLaFazza,VivaLaFazza,20818
AussieAntics,AussieAntics,96861
polsatgames,polsatgames,18658
SPYGEA,SPYGEA,95953
bokoen,bokoen,12219
superjj102,superjj102,32712
yosoyricklive,yosoyricklive,16638
ZED99_lol,ZED99_lol,21542
JavierMtz,JavierMtz,3631
Bonjwa,Bonjwa,50649
NeZaK_,NeZaK_,21425
DrLupo,DrLupo,1112
paradeev1ch,paradeev1ch,11677
allkeyshop_tv,allkeyshop_tv,1685
keanelol,keanelol,17905
LAQUINTACOLUMNA,LAQUINTACOLUMNA,10849
RduLIVE,RduLIVE,49656
godjj,godjj,33151
GMHikaru,GMHikaru,80461
kamiyu666,kamiyu666,6753
karljacobs,karljacobs,145720
WeAreTheVR,WeAreTheVR,23207
Gom4rt,Gom4rt,10551
ikittyyyy,ikittyyyy,10511
HasanAbi,HasanAbi,288786
Heikki360ES,Heikki360ES,8519
JimRsNg,JimRsNg,7103
Lacari,Lacari,21687
Manyrin,Manyrin,28957
aircool,aircool,13019
BLASTtv,BLASTtv,3597
jungtaejune,jungtaejune,18978
NoSoyUnYtuber,NoSoyUnYtuber,3185
GingiTV,GingiTV,18941
LLA,LLA,24468
NiceWigg,NiceWigg,83585
TommyKayLIVE,TommyKayLIVE,17766
Cellbit,Cellbit,157674
mang0,mang0,37595
itsRaikz,itsRaikz,6656
freemok2,freemok2,18298
Xaryu,Xaryu,15720
DolphinChemist,DolphinChemist,16089
jeensoff,jeensoff,7428
SovietWomble,SovietWomble,40969
JeelTV,JeelTV,25531
dogdog,dogdog,79892
PeachFPS,PeachFPS,1262
Silky,Silky,26651
Cesarvsc,Cesarvsc,8419
Daskelelele,Daskelelele,4890
CDawgVA,CDawgVA,55566
MudinhoxD,MudinhoxD,12796
pisicela,pisicela,48732
blxckoutz,blxckoutz,54824
HGmony,HGmony,2539
loopooyt,loopooyt,15477
Timmac,Timmac,34609
lolpacifictw,lolpacifictw,7250
Arilyna,Arilyna,1803
Jacob4TV,Jacob4TV,29410
belkytv,belkytv,8613
pathofexilebota,pathofexilebota,12716
Maya,Maya,26671
KittenClubhouse,KittenClubhouse,13293
Kasix,Kasix,33117
FarfadoxVEVO,FarfadoxVEVO,30954
Saiiren,Saiiren,1292
Franio,Franio,6898
berkriptepe,berkriptepe,22120
Jeathebelle,Jeathebelle,5753
LosPollosTV,LosPollosTV,62997
Japczan,Japczan,66986
Scarra,Scarra,48787
Klean,Klean,33103
Aurateur,Aurateur,17675
Roxmiral,Roxmiral,7041
BeamTwitch,BeamTwitch,9303
Odablock,Odablock,52769
Lethalfrag,Lethalfrag,13166
firedragon,firedragon,5718
CuckardoLive,CuckardoLive,3817
lestream,lestream,71728
teaminven,teaminven,6234
Maghla,Maghla,30006
bamow,bamow,7452
nyanners,nyanners,57260
shenryyr,shenryyr,9765
AgentsRange,AgentsRange,7376
QuattroAce,QuattroAce,8563
