DisplayName,ChannelID,Count
01bd02,597621638,9494
alelu,195343482,13509
annoying,92372244,46973
1drakonz,118787650,18974
abdulhd,42546908,68831
alanzoka,38244180,201431
alenenwooptv,137753119,9914
alexelcapo,36138196,93758
aminematue,407388596,52468
andypsx,70142975,11680
anny,56418014,16146
ac7ionman,124467382,10905
aiekillu,27085209,10564
aimlul,63828424,10204
anniefuchsia,61294188,29331
anton,63880003,12107
adrianachechik_,457124238,28986
alanzq,102845655,16905
alliance_hakis,27268093,8797
alinity,38718052,69905
anomaly,76508554,21788
95pingman,138117155,16019
aimdll__,124368186,29066
al3od,412271003,9589
acie,184336761,16172
admiralbulldog,30816637,49942
agentsrange,539061618,7376
alberee,521892217,8545
annacramling,485234908,16776
5up,86061418,20475
9qoq,188490730,17064
abuswe7l,230301324,8246
annemunition,51533859,12340
apexerpinky,445599450,3971
aa9skillz,20993498,25898
alfie,24138907,10059
ao_o5,495591197,10572
akanemsko,180671441,15555
albralelie,112868442,36500
alphacast,94435040,36719
animal_n01,115821061,6467
a_seagull,19070311,27133
aarononair,26484662,7098
admiralbahroo,40972890,90032
aba4647,29654002,51625
ampeterby7,77649106,55101
anna_chess,180861765,11886
8cho,93132142,81464
9ambler,130445097,12717
a541021,25236843,19515
alkaizerx,35916854,29477
alliedesports,419619583,2048
amouranth,125387632,438001
andreadel1988,198633705,30121
annitheduck,126884070,73541
absoluttlol,105278736,8096
adeptthebest,116885541,35443
agraelus,36620767,42527
alliege,243963817,67189
9impulse,129631469,14396
alexby11,19942092,37976
alfrea,45839490,10173
adal,143794475,27166
agentemaxo,210485458,20389
ahrinyan,84594988,30424
aimsey,192434734,33049
109ace,102900195,30832
a1taoda,51435464,18937
acro_land,112610505,4419
agbin3r,28344564,14881
agustabell212,114772787,167756
altair,190708734,20379
amar,67931625,82919
apryze,45698099,32841
10000days,43414943,11781
2chamcham2,133923936,42002
adrive,14339949,15238
aquafps,134666774,30054
anthony_kongphan,21588571,44817
aceu,88946548,161479
alexclick,89284114,21082
almxnd,99196611,13066
alphasniper97,29810567,9394
antoinedaniel,135468063,66583
actingliketommy,232402813,18219
airshowerse,101507797,4011
alixxa,100372176,12838
albislol,17858826,6530
alohadancetv,46571894,73381
amaru,219431490,71579
amaz,43356746,16692
anthonyz,119415848,103588
agurin,31545223,37156
aircool,178238725,13019
ajehr,138240340,23762
allkeyshop_tv,198461840,1685
anastasia_rose_official,503630305,14368
angrypug,63164470,33861
39daph,160504245,85168
crazyraccoonyy,174700590,10720
aktep,49495142,13127
blackmediapresents,63904921,1423
back2warcraft,24657677,15865
bastighg,38121996,53872
bebe872,419496016,9092
axtlol,41783889,36229
ayarbaffo,417900560,12808
barbarousking,56865374,25156
bbonge_,148871475,19422
bighead033,122754132,11136
asmodaitv,52968416,27696
asmongold,26261471,248145
attacker,65172949,19482
blackelespanolito,68124914,43570
bigdumbgaming,254733678,17
bigspincr,144798294,31614
aspiringspike,49608470,11192
bamow,48851818,7452
bengal,30255906,5033
aussieantics,224539819,96861
aypierre,29753247,27138
belvid,157460668,9605
aydan,120244187,197814
ayzenlr,217715744,9296
azra,414507208,21276
bananabrea,89486159,30264
beamtwitch,79918954,9303
asmr_marie,430708432,13123
automaticjak,39459577,6841
awesamdude,48022358,1926
becca,35824977,24123
biotox,26029516,26975
axozer,133528221,118846
badboyhalo,569342750,48430
balerostyle,36495270,6805
baso,38974476,15865
bawkbasoup,48533154,23893
arex,83435622,5966
artosis,6896654,17710
asianguystream,85948772,36827
bbbb87,128222917,30558
barcagamer,123042641,55736
bearpig,457562328,10264
beatberry_314,198860406,32388
berkriptepe,29512470,22120
beyondthesummit,29578325,110790
aroyitt,178203816,21142
arrumieshannon,495712042,6951
averagejonas,124304147,67063
bikeman,32409994,17607
aquino,93455889,26920
asunaweeb,48389176,63571
bigiraq,223010731,7924
aurateur,107536229,17675
bananirou,83953406,15053
ben_,27369897,20788
bichard,121192207,4579
bigpuffer,41616317,5299
arcadebulls,102440358,9320
arcadum,26241991,5236
arilyna,95904326,1803
b0aty,27107346,35569
benjyfishy,66983298,61572
blackoutz,156961894,54824
blanchitooo,241581961,10957
ariasaki,62510206,24481
aversionde,466124489,18
ayyjayy,155703758,12911
avoidingthepuddle,23528098,31133
bao,110059426,4
bazza,102777268,8599
beaulo,38553197,19586
beryl_lulu,70760718,35184
atrioc,23211159,34179
auronplay,459331509,905978
autumn,81033995,12695
blast,182144693,3597
ash,60198919,20899
bananaslamjamma,51229960,29972
beelce1,256046222,7938
baianons,225339312,24229
bajheera,22916751,14172
belky,70876498,8613
biyin_,579785040,162661
blackufa,98742675,26526
artesianbuilds,96061540,17187
ayezee,67320923,15497
baedony,172879061,8087
bebelolz,29826549,22100
bibixhd,35685209,6927
bking0921,271313368,6121
awfdota,53657951,20704
baiano,140772558,77829
bateson87,28369163,79562
beniju03,195376105,64807
berritv,144354306,13455
arab,123067038,21167
attrix,63740412,7991
autophil,443006955,11620
bichouu_,173066877,50068
bigex,415249792,17445
bullseye,187468813,15024
burkeblack,44338537,39500
cachorro1337c,178509542,4066
capcomfighters,36616300,13147
cheatbanned,42049440,42278
cdawgva,45098797,55566
cdnthe3rd,14408894,46915
blusewilly_retry,24765850,45976
bobbypoffgaming,212682921,31434
bratishkinoff,99899949,93453
bren_tm2,89311693,5174
btmc,46708418,40392
bugha,82524912,79609
chefstrobel,138310362,23387
calango,58393005,35451
casimito,254489093,198925
boblegob,89890241,8879
borraskka,110673901,13585
boyminoru,118336478,43334
brozime,35833485,3650
buozzi,94854762,8359
c9judite,72960162,9938
cblol,36511475,89246
central_committee,109118789,9698
booya,193365768,10680
boxyfresh,130404073,19223
breitenberg,157093286,5716
brino,431679357,21772
broeki,41372534,27055
bustin,73516344,14107
blau,52959392,38093
brookeab,214560121,19142
caprimint,59131475,21856
cdewx,24666044,26150
butterflyouo,67021979,17895
caiowinkle,423610317,27415
blck_taisheen,185199494,25110
blou,610611496,65511
boltz,53052202,13411
boomerna,36156571,25869
botezlive,127550308,54354
buster,86277097,148050
cashmeow,152429316,5281
blazt,55649801,5401
carola,110405254,74367
cepreu_inq,51529432,10808
cesarvsc,69890705,8419
blazx,125260461,17744
boxbox,38881685,81417
breeze0920,40827340,6333
bonjwa,73437396,50649
bronx,54121470,16008
by_owl,47966045,27237
carljrtm,44784857,1173
chabrikk,675980762,493
c_a_k_e,43899589,47721
calebdmtg,35758713,12425
castro_1021,52091823,332422
cathfawr,182857208,12656
blitzstream,49632767,20569
brizz94,87041939,20068
brucedropemoff,88084663,47979
buerinho,189139646,23712
bum1six3,3713327,8352
bystaxx,25690271,25402
caedrel,92038375,145184
carmen,158577991,12352
bldcs,134648408,2388
bobross,105458682,56047
bratiki94,270259727,41374
brawlhalla,75346877,108414
brucegrannec,31813025,60063
brycent,106079307,8643
cedduzzo,92463701,10433
cellbit,28579002,157674
bokoen,52172280,12219
brothers_baseball,503598254,27307
buckefps,120679071,15779
captainpuffy,24338391,36152
captainsparklez,15554591,15403
chap,192678094,14497
calebhart42,20508512,24166
carritoskami,61835123,17299
cerbero_podcast,264708119,16868
c0ker,193767346,16856
camak,30396958,14140
bmkibler,25871845,14870
bnans,110176631,66480
bobqinxd,46257960,18970
brasilfpss,270114393,42404
btsbrasiltv,124021995,12879
c_jane,491994170,12141
carry_game,498599190,40348
ch1ckenkun,106961925,20260
bonkol,22386881,8009
bruisedbygod,168525296,10384
bt0tv,22336099,97936
btssmash,214062798,61840
buddha,136765278,130431
casinodaddy,121228500,16840
chusommontero,26464160,23636
conducteir77,118291244,12475
cydonia_chiara,181713478,18965
day9tv,18587270,25086
chloee_fitgamer,507354293,2705
cr_rion,151409846,25275
crazyfacetw,121521701,14336
crown,466082849,2874
cyrustwo,41108115,10966
dakotaz,39298218,18174
cpentagon,544788954,27238
criticalrole,229729353,29681
d_obby,134301181,179
chiawei1031tv,204827413,14331
codemiko,500128827,37259
crazzyccat,217868850,15184
crokeyz,22959224,23052
d3stri,36094496,10712
coconutb,56395702,13017
collet11,81478902,17578
complexity,268652,48
cope,44930725,16172
crouching_tuna,112672940,5968
dasmehdi,31557869,449
chess24,75322837,15077
conterstine,49914195,24459
cyr,37522866,49960
datmodz,24124090,39858
classybeef,402991688,44430
consul,48642944,2
cooldog0725,125892770,3760
cr1tdota,32420547,19511
daddydimmutv,36829241,8054
dahmien7,113080650,5639
chess,7601562,52466
corpse_husband,585856958,3841
coscu,36473331,146939
dariomocciatwitch,53065331,43669
davyjones,39795492,17547
cloakzy,81687332,86713
co1azo,212744599,22921
cohhcarnage,26610234,135174
creativemonkeyz,64638702,12280
criticas_qls,452785342,21716
daltoosh,260722430,76936
davidlafargeoff,407945713,13232
cherrypach,83257026,26308
chessbrah,25259668,23752
chica,70661496,42517
chilledchaos,9528182,40209
choice,47972131,8553
cidcidoso,138375255,27141
cobaltstreak,31723226,17844
criken,16689163,17134
dansgaming,7236692,30084
cned,31443685,24322
corobizar,123020035,16582
curvyelephant,138883340,11790
cutedog_,110276214,18843
davegaming73,141064779,9806
dawnhs,102188531,4760
chocotaco,69906737,40058
clutch_fii,169539617,11343
cmarty,77574065,5669
completeditmate,122683820,5942
coolifegame,42814514,45166
coqto,188300205,11455
coreano,128775333,57271
cristianghost,149287198,3557
crocodyletv,101234264,32393
crystal_lol,62178548,29421
cyberlivearena,484613295,3341
danucd,189755167,29312
dasoku_aniki,216351084,29337
clix,233300375,141250
complex,1251709,532
csrfps,131210325,3975
daniels,45952312,20625
daren,142179218,6822
datto,42296879,23763
chen810830,70985559,16353
chesscomfr,117546026,292
chodan_,473634997,15870
chowh1,117168642,107402
clintstevens,86268118,60827
coldzin,38590945,18483
couriway,557148694,15062
crream,2261919,11932
crystalst,115983024,22094
danoc0,193639721,7405
dapr,46176210,63434
dashducks,277624494,33625
daxak,42061870,63767
connoreatspants,37455669,18323
crayator,50191268,13190
crisheroes,94432456,9916
cruelladk,62658190,5913
czechcloud,31453284,20966
dafran,41314239,9492
darkviperau,57519051,28343
ddahyoni,102381201,47364
deadlyslob,12731745,28734
dinablin,121023163,23641
dinixgames,481241695,1064
dizzykitten,47474524,20476
elchiringuitotv,247401621,69753
deansocool,25677980,23650
desst3,431146848,11358
destroy,53927878,27534
dougdoug,31507411,12488
dunduk,47124404,15000
dyrus,30080751,22660
diazbiffle,95055754,74486
doctor_degen,476643128,5253
dogswellfish,49233748,26455
doublelift,40017619,103023
dropsbyponk,131974742,23602
dubudota,173950952,39
ekuegan,21700839,7338
duendepablo,47939440,30361
dennsen86,46786508,8085
des0ut,39154501,23818
detonator_robin,81296754,12892
dezignful,431470138,13038
dkwl025,185398814,10606
drigo,51315079,22184
dumbdog,31736255,14572
eaddy_,217674862,13794
eliasn97,238813810,221534
elisawaves,506880770,9893
denis3d,47796439,7945
domingo,40063341,97120
drjayfisto,43410417,9245
dua3362,137728196,8484
duduu027,195832813,3817
elcanaldejoaco,430476278,47560
drututt,57131280,48898
ekatze007,466153965,26049
dekar173,8026307,9387
delux,63072834,12498
dkayed,149727725,17661
doktorfroid,58221890,23806
dota2ruhub,100814397,163273
dreadztv,31089858,54214
elajjaz,26921830,57879
echo_esports,558530984,16115
elmariana,496795673,256128
dda_ju,137736535,41832
deercheerup,245622027,52542
deuceace,547554019,28119
dmitry_bale,130313947,2683
drlupo,29829912,1112
eaimaka,88208039,12026
demonzz1,106318725,8915
dogdog,60978448,79892
doutora,266432203,4892
drainerx,27031399,11818
edopeh,72726363,9699
dnd,32563943,4571
domenicowaccoo,156203554,15747
delt4forc3,31894912,8673
dexbonus,20483303,12549
deyyszn,411331824,31310
diables,130271562,19273
dmdtkadl69,137884624,5525
dmf_kyochan,165572706,26374
ds_lily,144926827,19847
eazykee,100360329,4426
edenitoo,136480781,10819
elded,76385901,106443
deathsie,100544756,9481
desenhosbr,696529556,2130
deusdaguerrarodrigo,402786416,6182
dreamwastaken,657297676,21091
drekzenn,65206102,15928
efeuygac,103237625,18549
dish,255567495,19980
dmitry_lixxx,188890121,63206
drgluon,56361303,4791
derhauge,71753298,12404
dmt_tv,122017703,5451
dopa24,536083731,21094
eduardo_hook,72414688,9930
dougisraw,54498880,10530
dvm_medja,132199022,31865
ej_sa,26374918,5394
dreamalt,261728433,550
drfeelgood,38350595,22060
dekarldent,137907801,17784
dendi,39176440,33431
dhalucard,16064695,97905
diegosaurs,73779954,37124
disnof,46029485,7616
divi,64949289,11078
dskoopa,56962861,4142
dutchsinseofficial,107939114,3695
elbokeron,74547642,9889
ellesmere_gaming,146094553,5310
distortion2,36324138,51683
dolphinchemist,23946146,16089
elposhas_,474070323,884
elwycco,94849379,20757
esl_wc3,130447455,48
eslcs_es,28608943,18549
esports_alliance,196327334,13435
farhadxray,280541454,29822
flexz,39850052,22896
elotrix,43286888,31962
emongg,23220337,27152
esamarathon,54739364,17714
esfandtv,38746172,125007
evonmoss,139848119,11424
fire_kitchen,500770605,12156
flurry1989,92371909,25748
elrichmc,30651868,32388
fairlight_excalibur,54989347,20287
fandercs,174053656,14015
fenohs,108604081,9711
firedragon,40028988,5718
fitzyhere,23155607,8154
flight23white,51270104,39883
esportmaniacos,99625250,30113
eternalenvyy,26954716,17219
fasoollka,425608057,18171
faux,40980097,24128
felps,30672329,33609
emilyywang,36594525,25155
eskc,183819202,12023
esl_sc2,30220059,40199
etalyx,28054687,5822
evaanna,130784874,43714
faah,147982491,1239
faiar,93179860,13853
failverde,23852822,23249
elspreen,157658336,79987
fanum,139251406,18063
fares_salvatoree,679162237,7492
fazesway,416689874,35390
faker,43691,173570
elwind,71761252,39081
es4xtank,144663813,8234
esl,67834893,2868
esl_csgo,936264266,516764
ezekiel_iii,14410317,14556
fantabobshow,29188740,12511
fengrush,94269217,7798
elojoninja,39692658,24805
fenya,102302893,16901
falcodrin,39705645,2760
flamuu,63867913,14250
eybl3,703580466,3
etoiles,85800130,53546
fl0m,25093116,26241
flackjk,40950213,4676
flamekr,141541560,17944
et_1231,117348035,44551
enzzai,467031116,9148
euriece,206506086,71276
emadgg,154526718,24263
eryctriceps,85943836,13184
exequiel,168059152,5469
faide,51065352,33808
falgwang,111849561,5012
farfa,102680338,13912
fextralife,156037856,575272
flats,141429177,11867
erobb221,96858382,30843
enviosity,44390855,102452
evelone192,39426641,130451
excessiveprofanity,38640167,13014
f1ashko,43578182,15324
fanhots,42556012,10058
fifatargrean,134039697,13720
elxokas,31919607,357511
elraenn,165080419,167365
elreyguiri_f1,231579912,7446
evo,30917811,148
faith,160538649,2007
farfadoxvevo,224818031,30954
fifakillvizualz,104659233,28778
finaolive,415009669,8437
elmiillor,44880944,70769
eray,131403189,33302
ethos,44558619,38028
everyeyeit,52160263,9011
farmhouse78,6864499,3111
empyriangaming,48631915,14606
exbc,67852884,12374
florryworry,25270623,11627
fobm4ster,31062476,27254
esacarry,63162874,29449
enkk,52443328,15472
ewroon,82197170,54417
fabrizioromano,683703013,6636
facefoot,81423079,289
elweroking,211447548,476
fakemonster,90250629,20898
fcsm_kefir,45190616,7468
fiizy,169638772,1473
ernesbarbeq,41879247,21484
gensyxa,81623587,27408
givinglifetop,116528496,4652
gom4rt,149220653,10551
fritterus,25058522,11013
fundy,93028922,27708
frankkaster,61504845,5855
geef,51465465,11099
giantwaffle,22552479,29708
godjj,11561802,33151
goldglove,1518077,12681
gongparipa,84016053,26324
follentass,230768385,19498
fragnance,25084072,9637
grimm,191043512,23780
grubby,20992865,40343
governor,83428908,22910
grandpoobear,53831996,12432
gohamedia,31809543,8356
grafo,40266934,42512
freyzplayz,409760532,8006
georgeciupilan0,678061966,24
freemok2,227780908,18298
gafallen,37287763,35814
gemita,471811595,24294
get_right,38024128,7269
ghazzytv,23050280,15316
fps_shaka,49207184,201687
freakazoid,26959170,9388
gamergirl,97782954,15249
geefe,198337474,5349
gnu_live,88006635,25613
fortnite,55125740,67082
gabi,746229857,29858
greenish,176337442,5922
gronkh,12875057,97847
glorious_e,63304572,21779
gobgg,40760591,16026
gloriamatvien,188614162,25119
gn_gg,95793204,9338
godhunt,28295429,22712
gamesdonequick,22510310,50493
ggwplanaya,40256210,5739
genius_mad,138383895,5248
gordaopd,57608231,44
gotaga,24147592,218688
fuji720x,42143654,10550
gearbaby1010,162323092,39198
foxenkin,452985358,28378
froggen,38865133,28769
frost_,140870994,96
ggbb528,35154593,12456
gladd,81628627,37194
foolish,145015519,77822
forsen,22484632,124294
froste,97186917,88
frttt,30458295,49384
gackt_n,137362078,7864
gernaderjake,1423946,42248
granny,412027243,10641
gratis150ml,52203144,40735
forweark,184189096,13560
francoescamillalive,458195235,2808
garenatw,28462004,148
generalqw,89746245,23323
georgenotfound,474849254,150339
goes_x,228598214,10933
gronkhtv,106159308,49067
gskianto,150436863,40118
fuslie,83402203,53098
gabbodsq,45139193,17855
galeguins,447773658,45277
gaules,181077473,393697
geksagen,100138916,2087
gluhammer,36912126,8130
gmhikaru,103268673,80461
gonsabellla,405208912,16912
fr_zod,252428210,4056
fyrexxx,40261250,11625
grimnax,16146075,12357
grapplr,147375470,9907
grimmmz,9679595,44794
general_hs_,62651386,13241
grenbaud,568747744,56444
fpsthailand,38539112,62949
genburten,135175880,31958
franio,109027939,6898
gamersclubcs,147734961,3824
germench,68240113,1481
gingitv,28241419,18941
folagorlives,30857876,35756
fragolaqt,139695853,11293
gingy,94130217,22902
goncho,114635439,77285
gorgc,108268890,109454
franchiseglobalart,525706750,7342
gabbydm,214999550,2056
gp_tv,52763608,2706
grendy,41875213,18200
fresh,38594688,1050
gius,75373669,13726
haxxnini,514457856,26015
horcus,34371079,18649
igorghk,23308993,7735
iltw1,141477796,12133
hjune,121111915,41457
hutchmf,180118013,43432
hyren7,130289619,5602
ifrostbolt,77913099,34353
gsmvoid,81764480,19960
h920103,138094321,11582
heystan,63736545,19359
hisandherslive,24112133,10191
icemanisaac,71445641,20082
ikitty,86879544,10511
ilame,87791915,40990
imfiredup,44923106,3717
guanweiboy,150989534,34661
guit88man,25604128,21492
hiko,26991127,85376
hirona,39655944,24601
harbleu,4329841,13434
heikki360es,58573771,8519
hejin0_0,143754803,15993
hekokitaiworld,543114323,4671
gustavocsgoyt,161342599,5928
guzu,210983926,12967
h3h3productions,62438432,437
hachubby,195166073,24191
illojuan,90075649,124464
ilmasseo,55933037,57838
iamcristinini,123922797,86362
idreau_,486205216,7482
imaqtpie,24991333,74687
gunguno,31673401,23005
heyar,43043577,13235
holak1337,32054323,34689
hype,89408007,45982
guddummit,159782005,13431
hastad,26857029,18996
hellyeahplay,76441880,11701
ibai,83232866,778341
icebergdoto,115842730,71998
imls,26513896,4369
heyimbee,26903378,16735
holisofi,590577283,10116
honeypuu,158388504,34074
iateyourpie,27787567,10635
heitir,182813308,10112
igromania,43534020,3356
gutitubo,70947583,13331
hannahxxrose,63096750,26727
hanryang1125,103825127,104997
hc_dizee,29157943,8211
iitztimmy,45302947,234344
guanyar,74426799,2300
harmii,113537067,16093
honeymad,40298003,74689
iinwafqht,460209842,220
hyperrattv,415513756,23280
iblali,11524494,9487
harry,108107277,40880
hatsalsal,148842622,16688
hitpointcz,20607836,3108
hungrybox,30666848,23171
hanjoudesu,524474488,38758
hinas3,76039324,10347
hitchariide,37853510,9836
ijenz,536906710,37543
heavyrainism,111045473,12698
homyatol,21167655,33506
iddqd,123484627,11244
gsxrclyde,114519775,11985
gtawiseguy,62470768,83053
gunnardota2,131202285,13407
handongsuk,139470326,100941
im_dontai,81918254,57449
herdyn,27187962,24942
iaaras2,142932807,16379
iamsometimes,131398260,16863
ikeepittaco,57636576,24825
hotted89,20260659,13625
hycks_,119516103,4968
ibabyrainbow,544502795,26168
guep,90097443,4517
h0llylp,29565445,16062
hasanabi,207813352,288786
hipudding1223,53093900,7149
hera,91402599,8076
hollywood285,132289488,18528
huskerrs,30079255,101726
igestark,68062590,18558
guhrl,55607419,7804
h2p_gucio,36954803,31250
hayashii,29094596,26391
heideltraut,42971110,16782
imdbraz,70256539,7915
gtimetv,60160906,7374
guacamolemolly,181718577,19692
hbomb94,21313349,19298
hitboxking,45329736,73231
jasonsulli,79519117,6927
jerma985,23936415,59979
inscope21tv,38169925,13362
insomniac,232672264,10501
its_iron,411746363,80552
jacob4tv,129779434,29410
jarnoopmeer,96893443,20778
jasonr,103262684,27505
jmjdoc,57069336,8778
jotacanario,88230429,3762
incon,37047104,17174
inoiizy,65293646,14521
iwdominate,25653002,43926
jaidefinichon,30610294,11094
japan_asmr,407510247,7023
jonathanong,156801396,5534
immarksman,15386355,18741
jaggerprincesa,81526980,65406
joewo,209428921,63567
joueur_du_grenier,68078157,58423
inkiiing,48533885,9182
ipav999,71509335,20418
isamu,72684812,20995
jbzzed,114497555,38125
jeffhoogland,30214074,11594
jpctheman_,199208207,11219
imviolet_,252393390,30293
jankz,72592349,5653
jennyan,99351845,15940
jltomy,155601320,120637
johnny3047258,143868710,25152
juice,65411398,10775
ipproducoes,55282332,1496
ironmouse,175831187,72246
itsjstn,52839414,24538
japanese_restream,144740532,217
jccaylen,213368384,4594
jericho,10397006,20825
insym,75738685,35277
itshafu,30777889,49061
jimrsng,24534372,7103
inseq,491802186,5205
itmejp,10817445,23474
jeathebelle,87438071,5753
jessirocks,87568138,18457
joe_bartolozzi,563908141,30793
jrkz,155642616,48038
jonthebroski,98195200,9542
imnio,46431370,20304
inet_saju,42080143,9387
iskall85,69239046,15333
itswill,43246220,12834
jielun1215,86802045,6821
jongie,129440913,10513
joeykaotyk,76020989,14314
impulsesv,41176642,14663
itsraikz,446543041,6656
itsryanhiga,421560387,47981
jeffaocs,41843151,14083
jeffnam1129,42178931,5635
jinnytty,159498717,72249
jackeyy,219069796,39449
jiozi,159301312,14834
johnwolfe,36536868,12929
jorbs,24687283,15376
josplay,58074830,1
jugipelaa,137098953,9927
jezuzjrr,502329433,19655
jolavanille,574802385,29860
izakooo,36717908,34378
jamezconer,122582895,9302
jankos,6094619,121349
jasper7se,77415295,67736
jcorko_,165478707,5042
jeeltv,114119743,25531
joshog,54706574,51959
jonbams,28252159,11498
imsofresh,52616898,19912
itssammyp,84168533,6393
izunatop,415731592,6493
jay3,133220545,25588
jimmyboyyy,49035758,14247
jinu6734,131925215,34669
inecr7024,137724490,8604
jackmanifoldtv,112078171,56039
jakenbakelive,11249217,25682
jdm2088,138117508,36495
jendenise,42843133,5484
jimmyconrad,137361809,1330
improbzz,74657307,19820
isvolcano,130962899,16264
javiermtz,195299952,3631
jesusavgn,34711476,42376
jokerdtv,48082917,30575
imperialhal__,146922206,260417
jahrein,6768122,1277
jeanmago,245829588,58710
jeensoff,51931241,7428
jelty,245226810,213288
juansguarnizo,121510236,476599
kamikatze,107551531,11114
kamiyu666,26088246,6753
kragiee,124604785,19077
kephrii,31582795,22724
kiva,157993775,6908
kr1stw,170869845,11240
kamet0,27115917,110031
karmikkoala,54742538,31579
kennystream,32183344,29658
kamolrf,161315772,5792
kaydop,63675549,64282
kayzahr,109652110,32554
kiguniin,268297838,11160
kkatamina,526763937,37964
julien,85581832,19641
k1ng,270186408,29389
kalei,69588825,43375
knueppelpaste,66551495,8934
krawkmc,260226348,40
klauslol1,21787709,7341
karlnetwork,638065882,164572
kennzy,51633358,38614
kimdduddi,148934000,18813
kranichhs,68548793,8207
kutcherlol,65757403,26597
kariyu,185618927,4486
kentung,62791493,22665
king_spb,84719816,12733
kinstaar,75701802,10697
kiss_850722,464982050,8544
konvy,674570414,30685
kurt0411,35991862,6115
k3soju,128293484,73703
kannachan524,207356702,20698
karacorvus,109826174,12465
kubon_,28572093,14872
jungtaejune,86126056,18978
karasmai,118241089,31960
kruzadar,90222378,17854
jukeyz,240454766,20440
kiwo,37771090,7173
ko0416,100438963,15960
katevolved,126632539,9316
kimdoe,102845970,34506
kitboga,32787655,62366
kristoferyee,254756234,20387
jukes,77208443,66906
kaanflix,236619638,14229
karljacobs,124442278,145720
kennys,39393023,49846
khandbl,408882505,12508
kinggeorge,117379932,23011
kspksp,456798977,18266
kss7749,81441754,27344
justaminx,134609454,28402
keanelol,74505272,17905
keife_,107992372,18680
kanetv8,130433306,28609
karchez,91136321,49170
kareykadasha,601516488,1489
kato_junichi0817,545050196,232446
killercam1020,78348669,1764
jujalag,521583209,23986
just_lina,114006318,2654
kalach444,436868771,4222
kumikomii,86403736,26958
knightmar3frame,131851325,4809
koil,26469355,54032
kubx,130530322,15962
kl0uff,192732191,4015
knekro,152633332,84882
komanche,100625840,23059
koreshzy,165295605,20124
kostbii4,125743714,16538
jynxzi,411377640,19275
kidi,32212533,15842
kittenclubhouse,648692103,13293
kennybeats,477294350,7962
kestico,524550694,24503
klean,126436297,33103
justcooman,63667409,42493
kangqui,31265359,7084
katoo,91647183,12950
kertus,179279586,11201
kiuqsxn,109166621,10245
kongfue,40840784,5459
kurumx,20795350,14433
just_ns,42316376,32569
k13tv,99765615,7491
kandyland,57865494,25824
krayn_live,55434616,14299
kuiki771,259694951,18469
kaicenat,641972806,84445
kendinemuzisyen,79087140,96940
kiyoon,117783070,26987
keznit1,143776262,28618
kingshart,645570615,467
kasix,102098555,33117
kate,73625408,9903
keeoh,151819490,13565
luidematos,552743899,17299
lukisteve,89951849,38408
kyr_sp33dy,11001241,25181
lacari,29400754,21687
lobosjr,28640725,18167
kyedae,445529741,240730
lol_madlife,146584003,7608
lol_woolf,146549780,15545
lolpacifictw,485855940,7250
lospollostv,61433001,62997
lachilenabelu,170079505,13782
lacobraaa,97241758,7136
locklear,137347549,98525
lethalfrag,23460970,13166
littleragergirl,167100879,43996
lol_nemesis,86131599,116161
lovelyyeon,142012105,19250
kyo1984123,119497908,24591
la_miniera,75999663,11759
lazvell,48677263,25838
lol_ambition,152596920,36050
longwu1216,85412250,4440
lordbs,40826049,1400
lotharhs,49335974,14488
loud_babi,569320237,16167
lcs,124420521,57982
litkillah,541318059,52000
lokonazo1,38808314,10662
lvndmark,427632467,131270
lvpes2,42028083,116203
lineage2es,87646452,263
m4fgaming,429600778,10435
lec,124422593,11453
lestream,147337432,71728
lightinthefog,674330140,9
looksam,62356185,20260
lifecoach1981,58351323,11689
linkus7,36066935,19571
lla,142055874,24468
lco,641991386,42
liok0485,445859940,10083
lvpes,22346597,50958
loltyler1,51496027,372654
leffen,53831525,21805
limmy,10386664,30153
lizzvega,77048073,2987
lunaoni,50127647,17866
lysium,44574567,29008
lilsimsie,109809539,29179
loserfruit,41245072,31146
lumeifei,35860120,7418
littlebigwhale,121652526,29322
loud_coringa,569325723,238785
latesitoo,134037766,168
lelisdota,39777954,11458
letshe,182427515,24770
luckyghost,161444554,13287
luisormenoa27,175779148,9521
lyon3k,107957221,7889
linfufu,141055390,14750
ljh0328,133773012,9377
lpl,124425627,95036
liminhag0d,77573531,61430
lirik,23161357,214679
loeya,166279350,34431
loru77,242993644,15402
loud_thurzin,569327531,59956
kyle,154425624,73643
lapi,44806759,9808
lilballzlolz,82387617,7070
low4n,35828637,21995
luckychamu,143646010,16578
lett,166136550,54
lightfurylf,146982508,14772
lilypichu,31106024,106529
llobeti4,111297998,42327
lolypokicake,410299002,33287
lebouseuh,96562014,38834
legoo,138111494,59664
leopard,16995144,11239
loopooyt,106647842,15477
lol_cuvee,153036354,9053
loud_jordan,660006987,7530
m0xyy,69012069,30464
ma_mwa,161982841,11218
maailinh,84495343,14053
kyliebitkin,41568677,35783
leehunnyeo,137612832,7558
leynainu,61974931,85338
lobanjicaa,126902046,16679
lpgjustjohnny,88239974,18762
lubatv,142546050,1754
lucroan,24823694,9250
lululuvely,94875296,65223
lck,124425501,100462
leechunhyang,138391313,19172
lenonns,133136019,4449
luzu,66370849,8530
lyonwgflive,31561517,108738
m3traneo,75645599,8792
maximilian_dood,30104304,80946
maximusblack,23945610,8236
mayapie1,36464131,5749
mimiluckying,102192603,6326
mitchflowerpower,23317308,3821
momonkunn,35999968,12671
mandzio,24558341,32636
maciejay,122320848,25032
magical,45106244,13092
matsuri_hs,157825412,7375
mazarin1k,27186524,6117
mcgribbles,90387538,189
membtv,2400710,9096
mendo,57717183,22346
maau,47594707,7326
miikelmst,53567674,14481
mistercop,57116735,7587
menostrece,85652487,51142
makatao,44057119,21255
maya,235835559,26671
method,121649330,9431
mightyteapot,44034733,12703
mistermv,28575692,90944
mlchoins,134639274,9619
mokouliszt1,50967098,11498
magenta62,275644615,18747
momo_sports,506718746,23437
marinemammalrescue,538506717,26234
melharucos,26819117,51327
merk,41652,17712
misilia,38503824,1172
mister903,147090450,14440
mizkif,94753024,152293
moistcr1tikal,132230344,183916
majuuzinha,266164775,157
matimi0,24198048,10640
maxim,172376071,52815
maximum,42490770,54116
masondota2,40754777,61015
mande,128856353,26632
mang0,26551727,37595
maxi,171868899,6273
mckytv,101572475,151647
metashi12,56489971,49032
miniuwa,31115561,7048
minos,63985840,14046
malinkaa98,248388278,48255
mobuckets,267948159,27559
mathil1,25575995,42905
maty,126324637,10255
meteos,38708489,88
mikeshowsha,53097223,17653
miltontpike1,153314610,16678
mithrain,79442833,31584
markitonavaja,494026769,52018
maghla,131215608,30006
mastersnakou,42141251,25419
matteohs,124318726,26307
memayoi,158468030,3524
mickalow,30709418,15027
mmorpg,41684297,12289
mabzouel,77148737,12578
mailand,61776958,17764
makina,30685416,17645
masayoshi,46673989,47510
masteerxd,248926175,15887
mastertay,29214396,8436
melchior,85977125,12976
micaelala,484399092,4306
magixxlff,236196220,2607
mitdamm,485312080,6358
mobilmobil,29518572,38029
moman,18887776,39752
michel,75891532,45331
matafe_,54185820,10015
mattrp,20608838,11232
meikodrj,187352927,28820
midbeast,92113890,131160
macaiyla,43126328,12897
mixwell,96116107,54105
ml7support,51929371,23058
methodz,40541068,16393
marzzzzy,213104821,9407
meowko,195326003,17995
missasinfonia,46094501,50288
mahdiba,112523183,11729
mehdideluxe,136784171,49008
mehdochelive,169558955,3060
melina,409624608,54589
manyrin,53999900,28957
ming,40114747,7005
momo,38852102,24837
marex,161006524,19521
mery_soldier,95865289,11592
miniminter,39894746,28986
mahluna,151883075,29429
markilokurasy,75802639,1
mayichi,94055227,43298
mistafaker,45912780,13208
manvsgame,8330235,15917
mouzakrobat,97903976,13067
mr_wuco,80731615,14896
natehill,181224914,19653
nightblue3,26946000,52721
moonryde,48192899,59135
nakoo_fn,422770569,28180
naru,38287412,20147
naughty,154452148,4582
nihachu,123512311,47544
mynthos,28585164,26016
mrbboy45,21080562,11175
mrcreatifee,277112216,20347
mrsoki,48437708,49816
mujs_,257049727,33208
murdercrumpet,277057209,15499
nahzinhaa,122734645,24538
nba2kleague,209348876,4095
mongraal,133705618,214377
nezak_,179144678,21425
nimuvt,495899004,73751
nitenightkid,48946894,677
nephtunie,130178840,15694
muse_tw,451374597,19001
natarsha,99591839,17786
nein1203,64855800,10109
neutren,44371628,12521
noardra,228062669,8010
mudynxd,134118008,12796
nba,152984821,1032
newbz,121902166,9131
niklaswilson,501438035,33871
nobletofu,148393319,6076
nodolly,131664608,24853
nanayango3o,137640527,23164
msstudio,406654859,15567
mst3k,105623158,9120
naseongkim,103991968,24826
nenecreative,106594300,10908
nick28t,49303276,28366
nickmercs,15564828,281739
nohandsgamer,188965645,6788
mr_mammal,44858482,8907
nanajam777,150664679,12768
nateos,267603990,21053
nefastone,263392353,9475
nicewigg,415954300,83585
nickdaboom,54319112,14403
mutex,98506045,77579
murda,78397626,15158
myth,110690086,45648
naguura,39159998,33945
neoness007,62502182,4291
nerdstreet,97876585,2144
nikof,110119637,14095
noctisak47,141414675,14510
move_mind,104320683,24471
navcia,41180913,5784
nemo_good,161835870,6715
nniru,460120312,30453
noahreyli,146994920,50962
naded,4331474,3620
multiplayerit,48199446,4809
natalan,189260132,31352
natsumiii,42177890,53903
nmplol,21841789,143703
moondye7,35933008,717
mount,58115154,41607
murilosoo,202987684,40
mym_alkapone,31478096,45478
mysportsch,586801846,1419
neimki,690743438,15214
ness,106690387,10008
nix,67708794,27661
moonmoon,121059319,109007
mrstiventc,517677074,33167
mywtheking,42120234,9308
nbcolympics,492141441,26
nikolarn,66272442,24256
ninja,19571641,227793
mrsheeplive,169153562,467
mymtumtum69,42999001,10978
nannitwitch,513749125,11007
nissaxter,42351942,44834
nobru,506590738,74581
monstercat,27446517,7230
msmsms213,138117005,14063
muangfang,687696459,5212
mulder,114010306,10963
naowh,53649632,41522
nikitonipongotv,127443997,24235
monodie,138657790,7711
mukai_fps,131574416,28641
mushway,81432617,17471
nickeh30,44424631,85869
nidas,138907338,25969
montanablack88,45044816,559724
mortenroyale,135558945,28976
never_loses,29722828,32841
nl_kripp,29795919,120870
moogrr1211,110345640,8647
petezahhutt,21837508,17530
noway4u_sir,85397463,103754
nuuhfps,54387112,11018
nymn,62300805,27728
ocalheiros,95032018,6767
ohtofu,96235256,27390
otplol_,622498423,188378
parkseorim,140179881,3795
petrusco2,26024816,2966
piecesgg,513738522,15
nokduro,137687203,57574
officialandypyro,46021592,4065
olesyaliberman,184147110,14289
omofficial,491625140,6440
patopapao,35647075,16320
payo,59624901,33325
pieman,122881889,21233
obsessiontwitch,148147054,5610
odablock,177730578,52769
odpixel,68406726,3932
papaplatte,50985620,68260
pchal,111971097,19416
pengu,85956078,32945
peroniaxdeluxe,74571203,1831
okcode,410965603,48367
overpow,8822303,20055
pakusyo,145178632,4060
peterpark,124494583,47007
phunkroyal,21431060,46352
ogmeik,466198311,3971
paulanobre,55660184,29023
pch3lk1n,48978939,26471
nowayzao,195680504,9095
oonolive,70983894,8898
peereira7,182714869,30168
novby,250364631,14690
nukomaro2020,464480572,5632
paoloidolo,29750090,23066
pato,262480800,10592
phyzikk,73522739,17649
piazztwitch,131342532,13827
orslok,25058448,731
northernlion,14371185,45153
nugiyen,30967548,21070
oestagiario,252606559,54063
olyashaa,104717035,27875
ookina,128544632,9599
ops1x,185619753,68961
orangemorange,95603047,29809
paka9999,164459256,70294
pankyy,82388424,19379
papomc,536794313,13761
paradeev1ch,515044370,11677
patriota,28703999,23707
pestily,106013742,68644
pietsmiet,21991090,74142
nosoyunytuber,422911605,3185
okingbr,443654989,14975
okyyy,462594741,13059
ovotz,210014596,88
pathofexile,35821635,361
pavelskibh,153467048,22018
peachfps,44391234,1262
nyanners,82350088,57260
obm1025,166079347,57861
onscreen,27121969,11837
pathofexilebota,232372312,12716
pg_esports,52650914,5417
noraexplorer,173164131,7414
orkpod,44162266,13896
pace22,31457014,17677
paladinsgame,94706671,15183
pearlescentmoon,75366734,12519
pgod,198434884,42809
noobowl,59703165,1445
numotthenummy,26302559,11996
otzdarva,61812950,118257
pacific8815,81857784,48018
pantoufl,35806568,5089
perxitaa,35980866,39432
northwar,29912693,1294
nuke73,27954235,17428
philza,3389768,194692
ogadotapit,59168409,82853
oyunfatiihi,276315580,12740
p4wnyhof,71672341,29631
pevor13,91538537,19022
paymoneywubby,38251312,48211
ogaminglol,71852533,7561
ogamingsc2,71852806,10609
olsior,40653495,13463
oniyadayo,605425209,18239
ovationesports,498585966,22
pabellon_4,514595736,33473
pago3,29468517,38446
pieface23,52615982,56176
noko,37175851,55999
notmes,38878346,18432
nwslofficial,489387026,3755
penta,84316241,52242
ray,85875635,18405
pikabooirl,27992608,21281
pompeyo4,118220323,19839
posty,135377687,35269
prizzaa,225886040,16312
pubg_battlegroundstr,149232299,3491
pulgaboy,48340211,36038
ramee,95873995,131544
razerninjas,65428174,16397
recrent,39154778,106899
pijack11,48898260,36531
playhard,66934438,19676
raeyei,134661043,17848
rakanoolive,119638640,29777
rdulive,59965916,49656
ploo,102731041,44917
polsatgames,253036018,18658
qttsix,16677765,26130
quattroace,134593986,8563
purple_hs,84553934,13499
quarterjade,173758090,52376
reetlol,269835621,42979
putupau,74547134,33782
pwgood,116738112,5908
qq7925168,53395686,21832
rax1337,28213443,17657
raxxanterax,24482705,9061
pisicela,32027530,48732
popo,91229603,34818
pubg_battlegrounds,127506955,61820
qsnake,71558231,15660
randombrucetv,85463072,9570
prodigyddk,45973707,19578
punz,217965779,30893
rainbow6br2,563259666,24124
rakyz,54392876,18053
pikra10,194230187,21090
psychoghost,39067173,12449
ratirl,57292293,95629
ratoborrachudo,51891532,7342
rebirthztv,49839696,68812
pjs9073,134586700,59377
quantum,41467289,17402
ratedepicz,50237189,126249
pizfn,236507843,46293
pokelawls,12943173,79366
pokerstars247,225772624,17842
polypuff,79297907,1901
ponce,50597026,92165
primeleague,463176517,17940
pusa6019,182779724,7041
razah,68727743,21531
redbeard,111589942,8078
relaxbeats,153859298,7270
ranboolive,489155160,317239
pimpimenta,102346837,25583
pollynette,106828118,7078
potionshoptv,26603977,2004
quackity,48526626,17712
rainbow6br,132106826,36107
rainbow6latam,233992790,29664
rainbow6tw,204902476,6851
ray__c,107305687,46679
pow3r,38499199,77861
projektmelody,478575546,26239
psherotv,26341777,19412
purplebixi,209139976,40603
qrushcsgo,104435562,16686
qtcinderella,247808909,129815
reitathefps,39467114,8556
reidboyy,42175924,9018
preachlfw,23857542,46868
pubgkorea,238141340,14667
qq102qq,501734466,14369
quin69,56649026,124574
raderaderader,492615508,41145
rainblue37,49655919,5368
rakin,44099416,65279
rekkles,35739604,218
reeze,80474667,2588
portialyn,151249156,32865
potasticp,501717654,17335
pqueen,177249859,61735
qlnek,40855047,12677
quickhuntik,105244994,23887
rainbow6,65171890,183490
ramez05,42320398,3630
pokimane,44445592,196908
pronoobicx,468417934,9057
ranboobutnot,663294488,38196
ranger,110892046,24417
reborn,109492660,31538
pubgjapan,179988448,3478
purpled,490245656,17167
q158688920,26766376,12969
quickybaby,30623831,34335
rainbow6de,76457409,12451
raizqt,36259794,25411
realzbluewater,62595539,23882
rekinss,96812687,15089
rumathra,41567638,59548
rybsonlol_,123180725,39358
sanchovies,115659124,28969
sandbox_go,419523951,70
savyultras90,3818382,28306
schwabbeltown,140714397,7975
riotgamesru,72977645,14548
rezo,622545020,46638
rhffkddl96,415776561,7985
rockstarcr,183246771,9885
runthefutmarket,143759910,60191
saiiren,153176290,1292
sal_gu,127718836,34024
replays,146790215,25216
richard_hammer,46945963,4682
roshtein,72550899,251835
rubberross,10904915,17483
s1032204,138689767,20874
saintone,48827570,5583
rollingloud,241562355,368
rizzo,23097521,24216
rkdwl12,149188013,18600
rlgus1006,490638667,13029
roidie,66363279,11349
roieee,132954880,23558
rtgame,88547576,34252
sabaku_no_sutoriimaa,111040032,28448
retrogaijin,70795534,18603
saltyteemo,50815446,6339
resttpowered,50063424,29027
rewinside,46780407,33488
rkdthdus930,144200210,22662
rnakano,90917536,4589
robn,61212355,10166
ryuquezacotl,39392583,5596
sackzi,139504995,27394
relaxing234,26779624,72938
sapnaplive,638077636,17875
rob2628,36998510,880
robbaz,71336,14172
rraenee,145202260,22364
sabsdenada,579517357,204
sacriel,23735582,50073
samsaberi,115090564,14588
riotgamesturkish,36513760,21045
rngudwnswkd,137604582,10826
robnic,70473299,8831
rogerbrown,15876918,6010
rotterdam08,22365608,10488
rvnxmango,76728281,12225
s1mple,60917582,110872
revenant,38446500,54216
reverse2k,68292748,9848
rigoncs,42820071,2465
rivenzi,32053915,11277
ruben,84946492,7733
sacy,25116812,52949
repullze,118202507,22048
robcdee,169185650,35714
robinsongz,60672785,26816
roxmiral,70924840,7041
saddummy,30904062,76793
sashagrey,421838340,42711
rhobalas_lol,151874024,37755
riotgamesjp,104833324,35533
rocketbeanstv,47627824,34709
sah_yang,139060194,15676
savjz,43131877,23535
scarra,22253819,48787
repaz,101020771,24325
ricoy,96604083,161399
rollingstone,592288540,623
sardoche,50795214,113329
rickyedit,115657971,20754
revedtv,97123979,40107
richwcampbell,127463427,87578
rooftopcat99,138686063,37513
russel,70682869,7017
remsua,416083610,57914
rubsarb,125093246,17808
saltybet,43201452,11788
sasatikk,67519684,31791
rescue,92655587,12400
revolta,40748114,41183
rifftrax,7832442,7674
rogue,64581694,59866
rootthegamer,723361024,7493
rudbeckia7,46834933,17477
runner0608,149397653,40526
sapnap,44332309,101776
restiafps,126595970,34840
reversal,61839721,5099
riotgames_korea,107870305,4039
roflgator,11897156,33798
rokkeks,793826266,7872
rubius,39276140,518122
rudex,267394896,14947
ryux,175229703,21662
reventxz,40110994,25116
sajam,1527327,16679
sir_thomas_,71619324,11900
slick,98274770,22304
smallant,117349875,82848
sn400ja,25247111,11139
scoped,193270950,37101
setty__,227101767,1209
sh4dowehhh,47716614,21421
shadowkekw,465131731,17431
smurf_tv,182899347,14868
scrapie,40646018,15450
sidoka_ns,191614717,4594
sinatraa,138094916,163716
slrabbit99,28990891,11192
smitegame,31500812,59426
sneegsnag,24057744,40009
shinimon,36198475,15055
silent,32402794,44670
sirmaza,39518378,15999
smashley,40601000,21427
sixentv,38009333,35880
sixwong,7995300,20130
skyshocktv,29249710,17289
smittyw,40857595,22470
shibuya_kaho,496970086,23664
shisheyu,62989856,22168
silphtv,138009898,14674
silvername,70075625,113701
sips_,26538483,43862
sleepypuffy,669411046,1207
scumtk,142907660,11870
shubble,31063899,14264
shurjoka,46544012,25515
sick_cs,77165632,95150
slop3,7093315,7894
scump,13240194,95952
sereda,265053976,5839
SirNeontw,242009688,1137
sloot,29363507,9141
skill4ltu,110775952,24441
smzinho,37705807,48982
ses836,48731544,28224
shlorox,40784764,34633
shuteye_orange,25202416,24549
sidneyeweka,135177864,96510
snoodyboo,135629563,13552
sequisha,25458544,65302
shackyhd,63033449,13662
skyyart,70298660,32306
smoke,70880222,36840
selis13,178763618,10515
shiphtur,26560695,41030
silentsentry,56625428,7665
smaczny,25452828,9272
sintica,35884167,36516
slysssa,142199256,12953
smokaloke,51486023,8163
seals311,117209801,10958
shenpai,25821344,16979
shivfps,128149102,160102
silithur,31220977,131007
silvervale,56938961,27348
skyrroztv,52349411,63599
serpent,49901658,9404
shaunz,43102846,25609
shotz,112822444,44357
shoxx__,103495737,6440
sirhcez,27934574,20726
sleepy,135052907,32221
snaggymo,134965839,5492
sekapoko,47485986,24689
sgtgrafoyni,95932575,9154
shroud,37402112,958140
sick_nerd,49408183,13227
shofu,4073179,4742
shookwon,41283727,10272
shtan_udachi,89288528,18033
skswhdkgo1,429533286,9042
sco,12665,5595
scripe,55943318,15848
sees360,468031986,5848
sheriffeli,144555242,17236
slayproxx,57361005,11069
sneux,137089044,17674
snip3down,21270244,72760
sinksr,119373619,6121
sjow,22588033,25817
slipix,89204267,33757
snipernamedg,42061614,4324
shenryyr,44173074,9765
sirolopez56,610935997,16011
sizer0346,79086834,6757
skipnho,63602976,44100
simply,35780889,35496
singsing,21390470,39888
sneakylol,24538518,106626
shadoune666,36533048,13663
shahzam,38433240,211499
shayvictorioo,121887478,41363
silky,451786566,26651
so_urf,153038708,13961
spygea,10985633,95953
staryuuki,167189231,49163
sunbaconrelaxer,94908847,35944
syaruru3,123278702,12849
sommerset,277945156,55614
soyfelipez360,107627864,19364
stanz,36221636,12151
staysafetv,29899360,38531
steelohs,76933563,7482
stero2d,180726259,4198
superevan,47703889,29708
sweetcampercs,48093884,39186
tanukininja,143662611,9613
sodapoppin,26301881,284409
solaryfortnite,198506129,51611
spoonkid,119925910,34810
stevewillsendit,450775736,22825
snow_hite,191255489,14757
snuffy,515567425,27168
sofikimmy,109093498,20923
sola,44864184,24648
sologesang,139208197,22916
sonii,73469143,9544
steelmage,57317154,47076
strippin,23179441,26309
stylishnoob4,50988750,212713
subroza,40965449,84500
sunbaking,114774737,379
takeshi,37370325,15179
tanizen,40299581,24898
solary,174955366,73569
spammiej,26290555,9987
spursito,104455653,52086
squeezie,52130765,150742
squishymuffinz,90018770,14621
tado87,26465197,2118
takesipon,22596190,30605
sodtz,109280916,2850
stableronaldo,246450563,18871
stormen,101936909,53102
stray228,40488774,105907
sujagg,96564203,75112
surrenderhs,96883432,7244
sovietwomble,67802451,40969
sparkofphoenixtv,36464115,6361
speedgamingportugues,411814005,3817
spell316,518016053,2004
streamerhouse,44741426,84218
swagg,39724467,140396
snowmixy,50911855,19461
socialboomtv,458380257,2400
souzasoul,187446013,16332
strogo,233741947,39494
surefour,2982838,24077
swehyt,113736015,11194
sydeon,244407024,11891
sypherpk,32140000,129361
solorenektononly,30227322,12072
soursweet,85834498,19772
soypan,57993352,19869
spoopykitt,159239770,21121
staiy,48865821,39294
stolenbr,39711157,21756
superjj102,58352686,32712
sonecarox,71440174,18007
supertf,59635827,35444
sylveey,175383693,3226
t90official,92957305,25755
speedmanq,47433731,16360
surugamonkey0113,90131691,17733
sooflower,419795496,28605
stevesuptic,10180005,27454
sweet_anita,217377982,37560
sykkuno,26154978,231829
symfuhny,31688366,121494
tanxlive,79787770,21142
sonycast_,137404969,25765
speedrunsespanol,79774729,895
sweatcicle,96706929,26788
solaryhs,416031592,35357
spaceboy,61312447,20279
ssaab,116888929,52881
summit1g,26490481,320574
sushint,101718787,3817
sweetdreams,143726713,51956
swimstrim,143357760,11670
solidfps,97782735,11709
spyro_za,172430119,6786
srserpiente,30805171,5536
starsmitten,61852275,38335
stylerz,55970469,25616
suetam1v4,228371036,48890
tanzverbot,43548655,22075
tapl,132083317,15695
stopgameru,47954096,6029
summonersinnlive,40336240,14785
suri,159099058,7096
sweepsgg,447077135,5498
takulz,667463132,9571
taylor_jevaux,469348555,28580
tcec_chess_tv,180854563,1079
tealzlol,96161253,7667
teegrizzley,431882702,23669
teknoyd,121555768,11989
tenha,239474978,23986
tsm_viss,90020006,33375
teepee,23844396,81089
thestockguy,249820319,22883
toeiii,152358509,7303
tommyinnitalt,556173685,623
tpain,117083340,27855
trick2g,28036688,22499
tubbolive,478701870,37332
topsonous,153670212,133
tarik,36340781,116636
tarzaned,123782776,32410
tgltn,103259021,26343
thebubbaarmy,118342490,3913
therunningmanz,69824993,28228
tiburci0,85206619,6860
timbo,49413110,5814
tteuw,47119647,19630
thekller,36009345,12820
tmxk319,148057505,72735
tradersamwise,566380239,2960
trainwreckstv,71190292,305816
tru3ta1ent,48286022,45462
tecone,100630863,15915
the_happy_hob,87803283,28488
thechief1114,53904523,9896
therealmarzaa,89600394,39001
timthetatman,36769016,4794
tixinhadois,32115632,13243
team_spiritzero,63563054,3549
tetristhegrandmaster3,47281189,3180
th3antonio,39115143,41209
thedeluxe4,11198364,6395
thegeekentry,124651013,8732
thump,111518512,6052
tinakitten,42032495,69472
tranth,42848761,12532
trashtalkfr,150315224,212
tuonto,98078101,43872
teosgame,98099061,4117
thdlock,23518699,3842
thisisnotgeorgenotfound,654556126,41333
tinkerleo,71968056,15133
tomato,43784278,26865
torona1,192200166,18442
tectone,27717340,61564
thedandangler,435049951,15270
themystic7hwd,171122649,7607
thomefn,195007466,5563
timmac,9244832,34609
tonton,72480716,49819
toqtir,97716686,45344
torro,99121518,12586
trymacs,64342766,402678
taxi2g,136822306,63233
tenz,70225218,104342
tolkin,181357564,50276
tommykaylive,157636141,17766
tenekekafalar_tk,134927899,12779
theguill84,36318615,27234
thejrm_,412114748,27596
thenicolet,197406569,70823
traytonlol,81446331,32805
trilltko,110027977,1551
taspio,484404305,72423
thealvaro845,69564524,10117
thedarkness,52614128,30523
tommey,25736477,40834
tubbo,223191589,158700
tsm_theoddone,30080840,9945
teamsp00ky,11152602,13927
thebausffs,93869876,81188
theboisantana,196668687,10344
theviper,30382440,13040
thijs,57025612,49704
tobias,473183066,7461
tpabomah,265940345,44537
tfblade,59308271,75638
tfue,60056333,202115
titodami,472254606,9647
tntsportsbr,124640241,34786
trymacskaktuskoenig,571613121,2577
thegrefg,48878319,574473
therealknossi,71588578,354218
trinity,40383341,8034
tumblurr,77827128,70184
thebenbig,64068940,9901
tiagovski555yt,246532465,10168
tiankami,95645837,12242
tobiasfate,91137296,93416
towelliee,20694610,107416
trilluxe,55898523,42863
thaldrinlol,46595619,10555
tommyinnit,116228390,71049
truegeordie,553122896,31949
uthenera,28541821,18701
valorant_jpn,544210045,92279
wayne75525,40656652,19576
umggaming,112837021,2993
unsanitylive,7167763,2744
videoyun,24233423,20195
wardell,100182904,60353
weplaycsgo,50938009,2698
wirtual,92271663,32552
wkgml,138542600,31608
woowakgood,49045679,52202
uhsnow,122887284,27925
urbanaplayfm,642520006,5646
wagnificent,109341125,21993
twitchpresentskr,474884128,9248
vysotzky,96308352,48487
velox,109778370,29981
vgumiho,50686586,42147
whitespaa,551906487,32784
wingz,73915127,5769
unlostv,83399952,36472
vei,97245742,76723
unclebjorn,73477451,13565
wintergaming,25766032,17026
twaryna,19721626,15856
twitchrivals,197886470,31582
weak3n,25220420,25394
x2twins,189290002,58040
vadeal,487318498,38009
valeria7k,192376620,14951
vlesk,26707784,24039
willneff,122888997,26819
wolfabelle,190146087,30649
wudijo,61438909,7457
valorant_la,544213766,25288
vinnie,208189351,20292
westcol,168732568,21792
willerz,118155820,30905
withzack,128268757,11947
wearethevr,63493039,23207
welyn,128892121,24108
whippy,28564152,59785
wingsofdeath,30171560,12284
unsympathisch_tv,79769388,47611
valorant_br,502014446,79534
valorant_kr,575804071,17493
werlyb,30357893,65844
unboxholics,68246485,19307
unicornio,61519248,47907
warframe,31557216,90874
winghaven,41790550,27868
woohankyung,455679396,26391
wtf_winds123,29546745,31478
twayko,185163242,15686
voodoosh,87481167,61723
tyler_ygg,52379691,15269
vaporadark,38276909,3322
vicens,101395464,20090
voyboy,14293484,140
wackyjacky101,91103221,13479
waitou1117,88217136,6060
twitchsports,232867781,1072
tyceno,100048582,89175
twitchfarming,438349822,10908
ultia,68594999,16120
valorant,490592527,725944
vargskelethor,28219022,22567
venruki,21302211,19452
vercetti,416781017,14377
tvander,132279966,30575
twincytv,440140011,3154
warchiwar,40282149,19887
warcraft,37516578,173
wardiii,26973975,10948
welovegames,30814134,35752
vivalafazza,131917576,20818
wankilstudio,31289086,30499
whaazz,68266211,21150
wilbursoot,185048086,121726
x6flipin,27757893,12909
uzra,11692694,31895
versuta,21802540,13430
uberhaxornova,7010591,29151
uselessmouth,22877031,15355
vanotica_,189420367,9076
vgbootcamp,9846758,58862
viperdemon,39150803,21554
vitapvpey,74051603,5975
twitchkr,103368190,2735
tyongeee,432065909,9326
vovo,136189230,9659
wtcn,51950404,151759
wingo,41384425,4157
wismichu,30504119,14111
witwix,11558942,9272
wolfeyvgc,105714465,3040
worldofwarships,182565961,42578
valle,179597489,8916
weathernewslive,471136540,2814
xo_trixy,125323544,5589
youngmulti,28141853,29841
yourpelagea,183581994,13967
zzamtiger0310,120568022,19246
ydcb,77140862,12592
zakl1k,192202755,9393
zeko,101448647,16696
zizaran,36483360,64199
xcry,96246531,24947
xnapycz,27370971,18490
ybicanoooobov,68950614,63940
yomax,74391737,30707
yumyumyu77,156748712,33834
zapman,26302544,18701
zerkaa,13884994,64107
zigueira,32171655,38920
znebtv,140757037,4454
xargon0731,47250099,40322
yamatonjp,57962435,39357
yoowooyang,137952746,5341
yumytv,17206877,8786
zanki0h,23138164,6913
zony,101286926,10620
zubatlel,131376461,36684
xhibaoger,25086797,35512
xthesolutiontv,56040562,44357
yapyap30,103861159,49801
yetz,27680990,12340
yourfriendkyle,94247604,6818
yourragegaming,36926489,64107
zed99_lol,140116025,21542
zok3r,36061968,17814
zoodasa,138287817,14189
zormanworld,65876095,20298
xari,88301612,36734
xlice,73362563,31135
yayahuz,194749904,27822
yuggie_tv,235634967,12455
zakvielchannel,44407373,6861
zerobadass,28526571,27269
zwave69,275272993,17773
xposed,106065411,48479
yunzinseok,427703203,5364
zanoxvii,75830338,156199
zerator,41719107,145371
ziggy,45453222,11746
ziggydlive,45302347,2540
yogscast,20786541,20406
zaayonyt,98571070,3036
zeplahq,133394398,22752
zeroyalviking,1845004,11528
zwebackhd,43650535,16068
yassuo,121203480,41196
yd0821,103440455,42202
yvonnie,45184940,47504
zackrawrr,552120296,65738
zrush,15027034,35041
xchocobars,42583390,37234
xhiet0,416719291,13067
yosoyricklive,204708397,16638
zondalol,30141561,7360
xcaliburye,67416440,35923
xkwhd,175163251,23492
yugyungwoo,78648925,5208
zeling,58753574,16223
zilioner,66375105,84874
zoil,95304188,12106
xewer,88524154,12044
xiuder_,160489367,40419
xmerghani,65866610,16839
xpandorya,35893764,17939
xqc,71092938,651512
xth0rek,69616738,25753
yuna,41678000,7060
zade,49508092,21487
zanfas_cenegal,206865739,11002
zexrow,83026310,4769
zhiting_li,689077787,36676
zloyn,22814674,44255
xn0rth,43483007,13616
yang,27349448,11653
yoda,47071880,154750
zynxyz,39383136,5238
xakoh,38461708,8034
xaryu,32085830,15720
xhankyy,48870826,21573
yoshi93,89389801,11079
yoshinama222,516315196,11925
yuniko0720,57775220,16809
zaelia,13101446,60
zemie,104632789,22476
zentreya,128440061,22346
zombie_barricades,36125736,5825
zombs,47180661,27356
zoomaa,105584645,29316
zorlakoka,43045369,19409
xxxthefocusxxx,431460701,142606
zrool,50807694,6064
zunksoyyo,183495243,5439